my_medewerkersnummer,uri_naam
1,http://www.gemeentegeschiedenis.nl/gemeentenaam/Haarlem
2,http://www.gemeentegeschiedenis.nl/gemeentenaam/Groenlo
3,http://www.gemeentegeschiedenis.nl/gemeentenaam/Amsterdam
4,http://www.gemeentegeschiedenis.nl/gemeentenaam/Vorden
5,http://www.gemeentegeschiedenis.nl/gemeentenaam/Kampen
6,http://www.gemeentegeschiedenis.nl/gemeentenaam/Noordwijk
7,http://www.gemeentegeschiedenis.nl/gemeentenaam/Heemstede
8,http://www.gemeentegeschiedenis.nl/gemeentenaam/Amsterdam
9,http://www.gemeentegeschiedenis.nl/gemeentenaam/Nieuw-Helvoet
10,http://www.gemeentegeschiedenis.nl/gemeentenaam/Kapelle
11,http://www.gemeentegeschiedenis.nl/gemeentenaam/Amsterdam
12,http://www.gemeentegeschiedenis.nl/gemeentenaam/Heiloo
13,http://www.gemeentegeschiedenis.nl/gemeentenaam/Bennebroek
14,http://www.gemeentegeschiedenis.nl/gemeentenaam/Zutphen
15,http://www.gemeentegeschiedenis.nl/gemeentenaam/Haarlem
16,http://www.gemeentegeschiedenis.nl/gemeentenaam/Hekelingen
17,http://www.gemeentegeschiedenis.nl/gemeentenaam/Haarlem
18,http://www.gemeentegeschiedenis.nl/gemeentenaam/Nijmegen
19,http://www.gemeentegeschiedenis.nl/gemeentenaam/Leiden
20,http://www.gemeentegeschiedenis.nl/gemeentenaam/Alblasserdam
21,http://www.gemeentegeschiedenis.nl/gemeentenaam/Sassenheim
22,http://www.gemeentegeschiedenis.nl/gemeentenaam/Waddinxveen_2
23,http://www.gemeentegeschiedenis.nl/gemeentenaam/Haarlem
24,http://www.gemeentegeschiedenis.nl/gemeentenaam/Bergschenhoek
25,http://www.gemeentegeschiedenis.nl/gemeentenaam/s-Gravenhage
26,http://www.gemeentegeschiedenis.nl/gemeentenaam/Opperdoes
27,http://www.gemeentegeschiedenis.nl/gemeentenaam/Leiden
28,http://www.gemeentegeschiedenis.nl/gemeentenaam/Baarn
29,http://www.gemeentegeschiedenis.nl/gemeentenaam/Bolsward
30,http://www.gemeentegeschiedenis.nl/gemeentenaam/Amersfoort
31,http://www.gemeentegeschiedenis.nl/gemeentenaam/Haarlem
32,http://www.gemeentegeschiedenis.nl/gemeentenaam/Moerkapelle
33,http://www.gemeentegeschiedenis.nl/gemeentenaam/Haarlem
34,http://www.gemeentegeschiedenis.nl/gemeentenaam/Rotterdam
35,http://www.gemeentegeschiedenis.nl/gemeentenaam/Assendelft
36,http://www.gemeentegeschiedenis.nl/gemeentenaam/Haarlem
37,http://www.gemeentegeschiedenis.nl/gemeentenaam/Haarlem
38,http://www.gemeentegeschiedenis.nl/gemeentenaam/Haarlem
39,http://www.gemeentegeschiedenis.nl/gemeentenaam/Haarlem
40,http://www.gemeentegeschiedenis.nl/gemeentenaam/Olst
41,http://www.gemeentegeschiedenis.nl/gemeentenaam/Haarlem
42,http://www.gemeentegeschiedenis.nl/gemeentenaam/Haarlem
43,http://www.gemeentegeschiedenis.nl/gemeentenaam/Hilversum
44,http://www.gemeentegeschiedenis.nl/gemeentenaam/Enkhuizen
45,http://www.gemeentegeschiedenis.nl/gemeentenaam/Haarlem
46,http://www.gemeentegeschiedenis.nl/gemeentenaam/Haarlem
48,http://www.gemeentegeschiedenis.nl/gemeentenaam/Haarlem
49,http://www.gemeentegeschiedenis.nl/gemeentenaam/Vlissingen
50,http://www.gemeentegeschiedenis.nl/gemeentenaam/Haarlem
51,http://www.gemeentegeschiedenis.nl/gemeentenaam/Haarlem
52,http://www.gemeentegeschiedenis.nl/gemeentenaam/Haarlem
53,http://www.gemeentegeschiedenis.nl/gemeentenaam/Haarlem
54,http://www.gemeentegeschiedenis.nl/gemeentenaam/Schoten
55,http://www.gemeentegeschiedenis.nl/gemeentenaam/Venlo
56,http://www.gemeentegeschiedenis.nl/gemeentenaam/Haarlem
57,http://www.gemeentegeschiedenis.nl/gemeentenaam/Haarlem
58,http://www.gemeentegeschiedenis.nl/gemeentenaam/Haarlem
59,http://www.gemeentegeschiedenis.nl/gemeentenaam/Haarlem
60,http://www.gemeentegeschiedenis.nl/gemeentenaam/Den_Helder
61,http://www.gemeentegeschiedenis.nl/gemeentenaam/Oost-_en_West-Barendrecht
62,http://www.gemeentegeschiedenis.nl/gemeentenaam/Westzaan
63,http://www.gemeentegeschiedenis.nl/gemeentenaam/Haarlem
64,http://www.gemeentegeschiedenis.nl/gemeentenaam/Idaarderadeel
65,http://www.gemeentegeschiedenis.nl/gemeentenaam/Haarlemmermeer
66,http://www.gemeentegeschiedenis.nl/gemeentenaam/Velsen
67,http://www.gemeentegeschiedenis.nl/gemeentenaam/Haarlem
68,http://www.gemeentegeschiedenis.nl/gemeentenaam/Haarlem
69,http://www.gemeentegeschiedenis.nl/gemeentenaam/Leiden
70,http://www.gemeentegeschiedenis.nl/gemeentenaam/Haarlem
71,http://www.gemeentegeschiedenis.nl/gemeentenaam/Haarlem
72,http://www.gemeentegeschiedenis.nl/gemeentenaam/Alkmaar
73,http://www.gemeentegeschiedenis.nl/gemeentenaam/Haarlem
74,http://www.gemeentegeschiedenis.nl/gemeentenaam/Bennebroek
75,http://www.gemeentegeschiedenis.nl/gemeentenaam/Apeldoorn
76,http://www.gemeentegeschiedenis.nl/gemeentenaam/Amersfoort
77,http://www.gemeentegeschiedenis.nl/gemeentenaam/Bloemendaal
78,http://www.gemeentegeschiedenis.nl/gemeentenaam/Delfzijl
79,http://www.gemeentegeschiedenis.nl/gemeentenaam/Graft
80,http://www.gemeentegeschiedenis.nl/gemeentenaam/Enkhuizen
81,http://www.gemeentegeschiedenis.nl/gemeentenaam/Uitgeest
82,http://www.gemeentegeschiedenis.nl/gemeentenaam/Leiden
83,http://www.gemeentegeschiedenis.nl/gemeentenaam/Leiderdorp
84,http://www.gemeentegeschiedenis.nl/gemeentenaam/Benthuizen
85,http://www.gemeentegeschiedenis.nl/gemeentenaam/s-Gravenhage
86,http://www.gemeentegeschiedenis.nl/gemeentenaam/Koedijk
87,http://www.gemeentegeschiedenis.nl/gemeentenaam/Rotterdam
88,http://www.gemeentegeschiedenis.nl/gemeentenaam/Utrecht
89,http://www.gemeentegeschiedenis.nl/gemeentenaam/Enkhuizen
90,http://www.gemeentegeschiedenis.nl/gemeentenaam/Haarlem
91,http://www.gemeentegeschiedenis.nl/gemeentenaam/Obdam
92,http://www.gemeentegeschiedenis.nl/gemeentenaam/Zeist
93,http://www.gemeentegeschiedenis.nl/gemeentenaam/Haarlem
94,http://www.gemeentegeschiedenis.nl/gemeentenaam/Muiden
95,http://www.gemeentegeschiedenis.nl/gemeentenaam/Haarlem
96,http://www.gemeentegeschiedenis.nl/gemeentenaam/Haarlem
98,http://www.gemeentegeschiedenis.nl/gemeentenaam/Leiden
99,http://www.gemeentegeschiedenis.nl/gemeentenaam/Haarlemmermeer
100,http://www.gemeentegeschiedenis.nl/gemeentenaam/Haarlem
101,http://www.gemeentegeschiedenis.nl/gemeentenaam/Haarlem
102,http://www.gemeentegeschiedenis.nl/gemeentenaam/Haarlem
103,http://www.gemeentegeschiedenis.nl/gemeentenaam/Haarlem
104,http://www.gemeentegeschiedenis.nl/gemeentenaam/Haarlem
105,http://www.gemeentegeschiedenis.nl/gemeentenaam/Haarlem
106,http://www.gemeentegeschiedenis.nl/gemeentenaam/Amsterdam
107,http://www.gemeentegeschiedenis.nl/gemeentenaam/Haarlem
108,http://www.gemeentegeschiedenis.nl/gemeentenaam/Haarlem
109,http://www.gemeentegeschiedenis.nl/gemeentenaam/Haarlem
110,http://www.gemeentegeschiedenis.nl/gemeentenaam/Utingeradeel
111,http://www.gemeentegeschiedenis.nl/gemeentenaam/Velsen
112,http://www.gemeentegeschiedenis.nl/gemeentenaam/Spaarndam
113,http://www.gemeentegeschiedenis.nl/gemeentenaam/Haarlem
114,http://www.gemeentegeschiedenis.nl/gemeentenaam/Haarlem
115,http://www.gemeentegeschiedenis.nl/gemeentenaam/Groesbeek
116,http://www.gemeentegeschiedenis.nl/gemeentenaam/Haarlem
117,http://www.gemeentegeschiedenis.nl/gemeentenaam/Haarlemmermeer
118,http://www.gemeentegeschiedenis.nl/gemeentenaam/Haarlem
119,http://www.gemeentegeschiedenis.nl/gemeentenaam/Zesgehuchten
120,http://www.gemeentegeschiedenis.nl/gemeentenaam/Haarlem
121,http://www.gemeentegeschiedenis.nl/gemeentenaam/Arnhem
122,http://www.gemeentegeschiedenis.nl/gemeentenaam/Haarlem
123,http://www.gemeentegeschiedenis.nl/gemeentenaam/Grave
124,http://www.gemeentegeschiedenis.nl/gemeentenaam/Haarlem
125,http://www.gemeentegeschiedenis.nl/gemeentenaam/Haarlem
126,http://www.gemeentegeschiedenis.nl/gemeentenaam/Haarlem
127,http://www.gemeentegeschiedenis.nl/gemeentenaam/Middelburg_Ze
128,http://www.gemeentegeschiedenis.nl/gemeentenaam/Haarlem
129,http://www.gemeentegeschiedenis.nl/gemeentenaam/Haarlem
130,http://www.gemeentegeschiedenis.nl/gemeentenaam/Haarlem
131,http://www.gemeentegeschiedenis.nl/gemeentenaam/Dordrecht
132,http://www.gemeentegeschiedenis.nl/gemeentenaam/Haarlem
133,http://www.gemeentegeschiedenis.nl/gemeentenaam/Haarlem
134,http://www.gemeentegeschiedenis.nl/gemeentenaam/Borne
135,http://www.gemeentegeschiedenis.nl/gemeentenaam/Haarlem
136,http://www.gemeentegeschiedenis.nl/gemeentenaam/Haarlem
137,http://www.gemeentegeschiedenis.nl/gemeentenaam/Haarlem
138,http://www.gemeentegeschiedenis.nl/gemeentenaam/Haarlem
139,http://www.gemeentegeschiedenis.nl/gemeentenaam/Haarlem
140,http://www.gemeentegeschiedenis.nl/gemeentenaam/Haarlem
141,http://www.gemeentegeschiedenis.nl/gemeentenaam/Driebergen
142,http://www.gemeentegeschiedenis.nl/gemeentenaam/Haarlem
143,http://www.gemeentegeschiedenis.nl/gemeentenaam/Haarlem
144,http://www.gemeentegeschiedenis.nl/gemeentenaam/Haarlem
145,http://www.gemeentegeschiedenis.nl/gemeentenaam/Haarlem
146,http://www.gemeentegeschiedenis.nl/gemeentenaam/Heemstede
147,http://www.gemeentegeschiedenis.nl/gemeentenaam/Haarlemmerliede_en_Spaarnwoude
148,http://www.gemeentegeschiedenis.nl/gemeentenaam/Haarlem
149,http://www.gemeentegeschiedenis.nl/gemeentenaam/Haarlem
150,http://www.gemeentegeschiedenis.nl/gemeentenaam/Haarlem
151,http://www.gemeentegeschiedenis.nl/gemeentenaam/Amsterdam
152,http://www.gemeentegeschiedenis.nl/gemeentenaam/Haarlem
153,http://www.gemeentegeschiedenis.nl/gemeentenaam/Haarlem
154,http://www.gemeentegeschiedenis.nl/gemeentenaam/Haarlem
155,http://www.gemeentegeschiedenis.nl/gemeentenaam/Haarlem
156,http://www.gemeentegeschiedenis.nl/gemeentenaam/Haarlem
157,http://www.gemeentegeschiedenis.nl/gemeentenaam/Haarlemmerliede_en_Spaarnwoude
158,http://www.gemeentegeschiedenis.nl/gemeentenaam/Haarlem
159,http://www.gemeentegeschiedenis.nl/gemeentenaam/Bloemendaal
160,http://www.gemeentegeschiedenis.nl/gemeentenaam/Middelburg_Ze
161,http://www.gemeentegeschiedenis.nl/gemeentenaam/Haarlem
162,http://www.gemeentegeschiedenis.nl/gemeentenaam/Haarlem
163,http://www.gemeentegeschiedenis.nl/gemeentenaam/Haarlem
164,http://www.gemeentegeschiedenis.nl/gemeentenaam/Amsterdam
165,http://www.gemeentegeschiedenis.nl/gemeentenaam/Sloten_NH
166,http://www.gemeentegeschiedenis.nl/gemeentenaam/Haarlem
167,http://www.gemeentegeschiedenis.nl/gemeentenaam/Haarlem
168,http://www.gemeentegeschiedenis.nl/gemeentenaam/Tilburg
169,http://www.gemeentegeschiedenis.nl/gemeentenaam/Heemstede
170,http://www.gemeentegeschiedenis.nl/gemeentenaam/Oudshoorn
171,http://www.gemeentegeschiedenis.nl/gemeentenaam/Den_Helder
172,http://www.gemeentegeschiedenis.nl/gemeentenaam/Zaandam
173,http://www.gemeentegeschiedenis.nl/gemeentenaam/Haarlem
174,http://www.gemeentegeschiedenis.nl/gemeentenaam/Den_Helder
175,http://www.gemeentegeschiedenis.nl/gemeentenaam/Den_Helder
176,http://www.gemeentegeschiedenis.nl/gemeentenaam/Nieuwendam
177,http://www.gemeentegeschiedenis.nl/gemeentenaam/Den_Helder
178,http://www.gemeentegeschiedenis.nl/gemeentenaam/Sneek
179,http://www.gemeentegeschiedenis.nl/gemeentenaam/Nieuwendam
180,http://www.gemeentegeschiedenis.nl/gemeentenaam/Haarlem
181,http://www.gemeentegeschiedenis.nl/gemeentenaam/Nieuw-Helvoet
182,http://www.gemeentegeschiedenis.nl/gemeentenaam/Den_Helder
183,http://www.gemeentegeschiedenis.nl/gemeentenaam/Berkhout
184,http://www.gemeentegeschiedenis.nl/gemeentenaam/Haarlem
185,http://www.gemeentegeschiedenis.nl/gemeentenaam/Haarlem
186,http://www.gemeentegeschiedenis.nl/gemeentenaam/Heemstede
187,http://www.gemeentegeschiedenis.nl/gemeentenaam/Texel
188,http://www.gemeentegeschiedenis.nl/gemeentenaam/Hoorn
189,http://www.gemeentegeschiedenis.nl/gemeentenaam/Zaandam
190,http://www.gemeentegeschiedenis.nl/gemeentenaam/Nieuwendam
191,http://www.gemeentegeschiedenis.nl/gemeentenaam/Urk
192,http://www.gemeentegeschiedenis.nl/gemeentenaam/Haarlem
193,http://www.gemeentegeschiedenis.nl/gemeentenaam/s-Hertogenbosch
194,http://www.gemeentegeschiedenis.nl/gemeentenaam/Philippine
195,http://www.gemeentegeschiedenis.nl/gemeentenaam/Delft
196,http://www.gemeentegeschiedenis.nl/gemeentenaam/Haarlem
197,http://www.gemeentegeschiedenis.nl/gemeentenaam/Haarlem
198,http://www.gemeentegeschiedenis.nl/gemeentenaam/Haarlem
199,http://www.gemeentegeschiedenis.nl/gemeentenaam/Haarlem
200,http://www.gemeentegeschiedenis.nl/gemeentenaam/Amsterdam
201,http://www.gemeentegeschiedenis.nl/gemeentenaam/Haarlem
202,http://www.gemeentegeschiedenis.nl/gemeentenaam/Haarlem
203,http://www.gemeentegeschiedenis.nl/gemeentenaam/Haarlem
204,http://www.gemeentegeschiedenis.nl/gemeentenaam/Kampen
205,http://www.gemeentegeschiedenis.nl/gemeentenaam/Haarlem
206,http://www.gemeentegeschiedenis.nl/gemeentenaam/Haarlem
207,http://www.gemeentegeschiedenis.nl/gemeentenaam/Amersfoort
208,http://www.gemeentegeschiedenis.nl/gemeentenaam/s-Hertogenbosch
209,http://www.gemeentegeschiedenis.nl/gemeentenaam/s-Hertogenbosch
210,http://www.gemeentegeschiedenis.nl/gemeentenaam/Dordrecht
211,Duitsland
212,http://www.gemeentegeschiedenis.nl/gemeentenaam/Haarlem
213,http://www.gemeentegeschiedenis.nl/gemeentenaam/Haarlem
214,http://www.gemeentegeschiedenis.nl/gemeentenaam/Maastricht
215,http://www.gemeentegeschiedenis.nl/gemeentenaam/Haarlem
216,http://www.gemeentegeschiedenis.nl/gemeentenaam/Haarlem
217,http://www.gemeentegeschiedenis.nl/gemeentenaam/Haarlem
218,http://www.gemeentegeschiedenis.nl/gemeentenaam/Haarlem
219,http://www.gemeentegeschiedenis.nl/gemeentenaam/Amsterdam
220,http://www.gemeentegeschiedenis.nl/gemeentenaam/Haarlem
221,http://www.gemeentegeschiedenis.nl/gemeentenaam/Haarlem
222,http://www.gemeentegeschiedenis.nl/gemeentenaam/Haarlem
223,http://www.gemeentegeschiedenis.nl/gemeentenaam/Haarlem
224,http://www.gemeentegeschiedenis.nl/gemeentenaam/Haarlem
225,http://www.gemeentegeschiedenis.nl/gemeentenaam/Haarlem
226,http://www.gemeentegeschiedenis.nl/gemeentenaam/Amsterdam
227,http://www.gemeentegeschiedenis.nl/gemeentenaam/s-Hertogenbosch
228,http://www.gemeentegeschiedenis.nl/gemeentenaam/Bolsward
229,http://www.gemeentegeschiedenis.nl/gemeentenaam/Haarlem
230,http://www.gemeentegeschiedenis.nl/gemeentenaam/Haarlem
231,http://www.gemeentegeschiedenis.nl/gemeentenaam/Den_Helder
232,http://www.gemeentegeschiedenis.nl/gemeentenaam/s-Gravenhage
234,http://www.gemeentegeschiedenis.nl/gemeentenaam/Haarlem
235,http://www.gemeentegeschiedenis.nl/gemeentenaam/Amsterdam
236,http://www.gemeentegeschiedenis.nl/gemeentenaam/Zierikzee
237,http://www.gemeentegeschiedenis.nl/gemeentenaam/Haarlem
238,http://www.gemeentegeschiedenis.nl/gemeentenaam/Krommenie
239,http://www.gemeentegeschiedenis.nl/gemeentenaam/Amsterdam
240,http://www.gemeentegeschiedenis.nl/gemeentenaam/Den_Helder
241,http://www.gemeentegeschiedenis.nl/gemeentenaam/Hoogezand
242,http://www.gemeentegeschiedenis.nl/gemeentenaam/Sneek
244,http://www.gemeentegeschiedenis.nl/gemeentenaam/s-Gravenhage
245,http://www.gemeentegeschiedenis.nl/gemeentenaam/Groningen
246,http://www.gemeentegeschiedenis.nl/gemeentenaam/Leiden
247,http://www.gemeentegeschiedenis.nl/gemeentenaam/Joure
248,http://www.gemeentegeschiedenis.nl/gemeentenaam/Haarlem
249,http://www.gemeentegeschiedenis.nl/gemeentenaam/Spaarndam
250,http://www.gemeentegeschiedenis.nl/gemeentenaam/Gouda
251,http://www.gemeentegeschiedenis.nl/gemeentenaam/Goes
252,http://www.gemeentegeschiedenis.nl/gemeentenaam/Amsterdam
253,http://www.gemeentegeschiedenis.nl/gemeentenaam/Bloemendaal
254,http://www.gemeentegeschiedenis.nl/gemeentenaam/Gouda
255,http://www.gemeentegeschiedenis.nl/gemeentenaam/Amsterdam
256,http://www.gemeentegeschiedenis.nl/gemeentenaam/Tilburg
257,http://www.gemeentegeschiedenis.nl/gemeentenaam/Amsterdam
258,http://www.gemeentegeschiedenis.nl/gemeentenaam/Haarlem
259,http://www.gemeentegeschiedenis.nl/gemeentenaam/Haarlem
261,http://www.gemeentegeschiedenis.nl/gemeentenaam/Haarlem
262,http://www.gemeentegeschiedenis.nl/gemeentenaam/Rotterdam
263,http://www.gemeentegeschiedenis.nl/gemeentenaam/Haarlem
264,http://www.gemeentegeschiedenis.nl/gemeentenaam/Nieuwer-Amstel
265,http://www.gemeentegeschiedenis.nl/gemeentenaam/Tilburg
266,http://www.gemeentegeschiedenis.nl/gemeentenaam/Spaarndam
267,http://www.gemeentegeschiedenis.nl/gemeentenaam/Roosendaal
268,http://www.gemeentegeschiedenis.nl/gemeentenaam/Nijmegen
269,http://www.gemeentegeschiedenis.nl/gemeentenaam/Haarlem
270,http://www.gemeentegeschiedenis.nl/gemeentenaam/Haarlem
271,http://www.gemeentegeschiedenis.nl/gemeentenaam/Dordrecht
272,http://www.gemeentegeschiedenis.nl/gemeentenaam/Graft
273,http://www.gemeentegeschiedenis.nl/gemeentenaam/Haarlemmerliede_en_Spaarnwoude
274,http://www.gemeentegeschiedenis.nl/gemeentenaam/Haarlem
275,http://www.gemeentegeschiedenis.nl/gemeentenaam/Sneek
276,http://www.gemeentegeschiedenis.nl/gemeentenaam/Breda
277,http://www.gemeentegeschiedenis.nl/gemeentenaam/Spaarndam
278,http://www.gemeentegeschiedenis.nl/gemeentenaam/Oldebroek
279,http://www.gemeentegeschiedenis.nl/gemeentenaam/Utrecht
280,http://www.gemeentegeschiedenis.nl/gemeentenaam/Rotterdam
281,Duitsland
282,http://www.gemeentegeschiedenis.nl/gemeentenaam/Franekeradeel
283,http://www.gemeentegeschiedenis.nl/gemeentenaam/Tiel
284,http://www.gemeentegeschiedenis.nl/gemeentenaam/Maastricht
285,http://www.gemeentegeschiedenis.nl/gemeentenaam/s-Hertogenbosch
286,http://www.gemeentegeschiedenis.nl/gemeentenaam/Koog_aan_de_Zaan
287,http://www.gemeentegeschiedenis.nl/gemeentenaam/Haarlem
288,http://www.gemeentegeschiedenis.nl/gemeentenaam/Kampen
289,http://www.gemeentegeschiedenis.nl/gemeentenaam/Den_Helder
290,http://www.gemeentegeschiedenis.nl/gemeentenaam/Wormerveer
291,http://www.gemeentegeschiedenis.nl/gemeentenaam/Epe
292,http://www.gemeentegeschiedenis.nl/gemeentenaam/Haarlem
293,http://www.gemeentegeschiedenis.nl/gemeentenaam/Haarlem
294,http://www.gemeentegeschiedenis.nl/gemeentenaam/Haarlem
295,http://www.gemeentegeschiedenis.nl/gemeentenaam/Zwolle
296,http://www.gemeentegeschiedenis.nl/gemeentenaam/Zwolle
297,http://www.gemeentegeschiedenis.nl/gemeentenaam/Zwolle
298,http://www.gemeentegeschiedenis.nl/gemeentenaam/s-Gravenhage
299,http://www.gemeentegeschiedenis.nl/gemeentenaam/Utrecht
300,http://www.gemeentegeschiedenis.nl/gemeentenaam/Eersel
301,http://www.gemeentegeschiedenis.nl/gemeentenaam/Haarlem
302,http://www.gemeentegeschiedenis.nl/gemeentenaam/Haarlem
303,http://www.gemeentegeschiedenis.nl/gemeentenaam/Haarlem
304,http://www.gemeentegeschiedenis.nl/gemeentenaam/Haskerland
305,http://www.gemeentegeschiedenis.nl/gemeentenaam/Zaandijk
306,http://www.gemeentegeschiedenis.nl/gemeentenaam/Delft
307,http://www.gemeentegeschiedenis.nl/gemeentenaam/Haarlem
308,http://www.gemeentegeschiedenis.nl/gemeentenaam/Haarlem
309,http://www.gemeentegeschiedenis.nl/gemeentenaam/Bergen_NH
310,http://www.gemeentegeschiedenis.nl/gemeentenaam/Haarlem
311,http://www.gemeentegeschiedenis.nl/gemeentenaam/Den_Helder
312,http://www.gemeentegeschiedenis.nl/gemeentenaam/Ilpendam
313,http://www.gemeentegeschiedenis.nl/gemeentenaam/IJsselmuiden
314,http://www.gemeentegeschiedenis.nl/gemeentenaam/Tilburg
315,http://www.gemeentegeschiedenis.nl/gemeentenaam/s-Gravenhage
316,http://www.gemeentegeschiedenis.nl/gemeentenaam/Alkemade
317,http://www.gemeentegeschiedenis.nl/gemeentenaam/Zaandam
318,http://www.gemeentegeschiedenis.nl/gemeentenaam/Haarlem
319,http://www.gemeentegeschiedenis.nl/gemeentenaam/Zeist
320,http://www.gemeentegeschiedenis.nl/gemeentenaam/Middelburg_Ze
321,http://www.gemeentegeschiedenis.nl/gemeentenaam/Haarlemmerliede_en_Spaarnwoude
322,http://www.gemeentegeschiedenis.nl/gemeentenaam/Haarlem
323,http://www.gemeentegeschiedenis.nl/gemeentenaam/Haarlem
324,http://www.gemeentegeschiedenis.nl/gemeentenaam/Wissenkerke_NBev
325,http://www.gemeentegeschiedenis.nl/gemeentenaam/Haarlem
326,http://www.gemeentegeschiedenis.nl/gemeentenaam/Heemstede
327,http://www.gemeentegeschiedenis.nl/gemeentenaam/Den_Helder
328,http://www.gemeentegeschiedenis.nl/gemeentenaam/Krimpen_aan_den_IJssel
329,http://www.gemeentegeschiedenis.nl/gemeentenaam/Haarlem
330,http://www.gemeentegeschiedenis.nl/gemeentenaam/s-Hertogenbosch
331,http://www.gemeentegeschiedenis.nl/gemeentenaam/Wormer
332,Frankrijk
333,http://www.gemeentegeschiedenis.nl/gemeentenaam/s-Hertogenbosch
334,http://www.gemeentegeschiedenis.nl/gemeentenaam/Zwijndrecht
335,http://www.gemeentegeschiedenis.nl/gemeentenaam/Haarlemmerliede_en_Spaarnwoude
336,http://www.gemeentegeschiedenis.nl/gemeentenaam/Haarlem
337,Duitsland
338,http://www.gemeentegeschiedenis.nl/gemeentenaam/Haarlem
339,http://www.gemeentegeschiedenis.nl/gemeentenaam/Haarlem
340,http://www.gemeentegeschiedenis.nl/gemeentenaam/Haarlem
341,http://www.gemeentegeschiedenis.nl/gemeentenaam/Nieuwer-Amstel
342,http://www.gemeentegeschiedenis.nl/gemeentenaam/Zaandam
343,http://www.gemeentegeschiedenis.nl/gemeentenaam/Haarlem
344,http://www.gemeentegeschiedenis.nl/gemeentenaam/Haarlem
345,http://www.gemeentegeschiedenis.nl/gemeentenaam/Oosthuizen
346,http://www.gemeentegeschiedenis.nl/gemeentenaam/Den_Helder
347,http://www.gemeentegeschiedenis.nl/gemeentenaam/Overschie
348,http://www.gemeentegeschiedenis.nl/gemeentenaam/Rotterdam
349,http://www.gemeentegeschiedenis.nl/gemeentenaam/Goes
350,http://www.gemeentegeschiedenis.nl/gemeentenaam/Haarlemmermeer
351,http://www.gemeentegeschiedenis.nl/gemeentenaam/Haarlem
352,http://www.gemeentegeschiedenis.nl/gemeentenaam/Haarlem
353,http://www.gemeentegeschiedenis.nl/gemeentenaam/Haarlem
354,http://www.gemeentegeschiedenis.nl/gemeentenaam/Haarlem
355,http://www.gemeentegeschiedenis.nl/gemeentenaam/Bloemendaal
356,http://www.gemeentegeschiedenis.nl/gemeentenaam/Haarlem
357,http://www.gemeentegeschiedenis.nl/gemeentenaam/Haarlemmerliede_en_Spaarnwoude
358,http://www.gemeentegeschiedenis.nl/gemeentenaam/Haarlem
359,http://www.gemeentegeschiedenis.nl/gemeentenaam/Haarlem
360,http://www.gemeentegeschiedenis.nl/gemeentenaam/Urk
361,http://www.gemeentegeschiedenis.nl/gemeentenaam/Haarlem
362,http://www.gemeentegeschiedenis.nl/gemeentenaam/Apeldoorn
363,http://www.gemeentegeschiedenis.nl/gemeentenaam/Haarlem
364,http://www.gemeentegeschiedenis.nl/gemeentenaam/Haarlem
365,http://www.gemeentegeschiedenis.nl/gemeentenaam/Haarlem
366,http://www.gemeentegeschiedenis.nl/gemeentenaam/Velsen
367,http://www.gemeentegeschiedenis.nl/gemeentenaam/Goes
368,http://www.gemeentegeschiedenis.nl/gemeentenaam/Schoten
369,http://www.gemeentegeschiedenis.nl/gemeentenaam/Haarlem
370,http://www.gemeentegeschiedenis.nl/gemeentenaam/Amsterdam
371,http://www.gemeentegeschiedenis.nl/gemeentenaam/Haarlem
372,http://www.gemeentegeschiedenis.nl/gemeentenaam/Venlo
373,http://www.gemeentegeschiedenis.nl/gemeentenaam/Haarlem
374,http://www.gemeentegeschiedenis.nl/gemeentenaam/Haarlem
375,http://www.gemeentegeschiedenis.nl/gemeentenaam/Amsterdam
376,http://www.gemeentegeschiedenis.nl/gemeentenaam/Haarlem
377,http://www.gemeentegeschiedenis.nl/gemeentenaam/Kattendijke
378,http://www.gemeentegeschiedenis.nl/gemeentenaam/Tilburg
379,http://www.gemeentegeschiedenis.nl/gemeentenaam/Bolsward
380,http://www.gemeentegeschiedenis.nl/gemeentenaam/Haarlemmerliede_en_Spaarnwoude
381,http://www.gemeentegeschiedenis.nl/gemeentenaam/Haarlem
382,http://www.gemeentegeschiedenis.nl/gemeentenaam/Haarlem
383,http://www.gemeentegeschiedenis.nl/gemeentenaam/Haarlem
384,NOI
385,http://www.gemeentegeschiedenis.nl/gemeentenaam/Venlo
386,http://www.gemeentegeschiedenis.nl/gemeentenaam/Haarlem
387,http://www.gemeentegeschiedenis.nl/gemeentenaam/Amsterdam
388,http://www.gemeentegeschiedenis.nl/gemeentenaam/Haarlem
389,http://www.gemeentegeschiedenis.nl/gemeentenaam/Amsterdam
390,http://www.gemeentegeschiedenis.nl/gemeentenaam/Zaandam
391,http://www.gemeentegeschiedenis.nl/gemeentenaam/Haarlem
392,http://www.gemeentegeschiedenis.nl/gemeentenaam/Haarlem
393,http://www.gemeentegeschiedenis.nl/gemeentenaam/Schagen
394,http://www.gemeentegeschiedenis.nl/gemeentenaam/Haarlem
395,http://www.gemeentegeschiedenis.nl/gemeentenaam/Delfshaven
396,http://www.gemeentegeschiedenis.nl/gemeentenaam/Haarlem
397,http://www.gemeentegeschiedenis.nl/gemeentenaam/Zaandam
398,http://www.gemeentegeschiedenis.nl/gemeentenaam/Haarlem
399,http://www.gemeentegeschiedenis.nl/gemeentenaam/Haarlem
400,http://www.gemeentegeschiedenis.nl/gemeentenaam/Amsterdam
401,http://www.gemeentegeschiedenis.nl/gemeentenaam/Amsterdam
402,http://www.gemeentegeschiedenis.nl/gemeentenaam/Haarlem
403,http://www.gemeentegeschiedenis.nl/gemeentenaam/Haarlem
404,NOI
405,http://www.gemeentegeschiedenis.nl/gemeentenaam/Den_Helder
406,NOI
407,http://www.gemeentegeschiedenis.nl/gemeentenaam/Haarlem
408,http://www.gemeentegeschiedenis.nl/gemeentenaam/Amsterdam
409,http://www.gemeentegeschiedenis.nl/gemeentenaam/Amsterdam
412,http://www.gemeentegeschiedenis.nl/gemeentenaam/Haarlem
413,http://www.gemeentegeschiedenis.nl/gemeentenaam/Haarlem
414,http://www.gemeentegeschiedenis.nl/gemeentenaam/Haarlem
415,http://www.gemeentegeschiedenis.nl/gemeentenaam/Heemstede
416,http://www.gemeentegeschiedenis.nl/gemeentenaam/Haarlem
417,http://www.gemeentegeschiedenis.nl/gemeentenaam/Haarlem
418,http://www.gemeentegeschiedenis.nl/gemeentenaam/Haarlem
419,http://www.gemeentegeschiedenis.nl/gemeentenaam/Winkel
420,http://www.gemeentegeschiedenis.nl/gemeentenaam/Haarlem
421,http://www.gemeentegeschiedenis.nl/gemeentenaam/Haarlem
422,http://www.gemeentegeschiedenis.nl/gemeentenaam/Haarlem
423,http://www.gemeentegeschiedenis.nl/gemeentenaam/Haarlem
424,http://www.gemeentegeschiedenis.nl/gemeentenaam/Haarlem
426,http://www.gemeentegeschiedenis.nl/gemeentenaam/Haarlem
427,http://www.gemeentegeschiedenis.nl/gemeentenaam/Nieuwer-Amstel
428,http://www.gemeentegeschiedenis.nl/gemeentenaam/Haarlem
429,http://www.gemeentegeschiedenis.nl/gemeentenaam/Haarlem
430,http://www.gemeentegeschiedenis.nl/gemeentenaam/Haarlem
431,http://www.gemeentegeschiedenis.nl/gemeentenaam/Haarlem
432,http://www.gemeentegeschiedenis.nl/gemeentenaam/Haarlem
433,http://www.gemeentegeschiedenis.nl/gemeentenaam/Linschoten
434,http://www.gemeentegeschiedenis.nl/gemeentenaam/Oost-__West-_en_Middelbeers
435,http://www.gemeentegeschiedenis.nl/gemeentenaam/Ooltgensplaat
436,http://www.gemeentegeschiedenis.nl/gemeentenaam/Haarlem
437,http://www.gemeentegeschiedenis.nl/gemeentenaam/Hoogeveen
438,http://www.gemeentegeschiedenis.nl/gemeentenaam/Rijnsburg
439,http://www.gemeentegeschiedenis.nl/gemeentenaam/Franeker
440,http://www.gemeentegeschiedenis.nl/gemeentenaam/Dirksland
441,http://www.gemeentegeschiedenis.nl/gemeentenaam/Bloemendaal
442,http://www.gemeentegeschiedenis.nl/gemeentenaam/Haarlem
443,http://www.gemeentegeschiedenis.nl/gemeentenaam/Haarlem
444,http://www.gemeentegeschiedenis.nl/gemeentenaam/Leiden
445,http://www.gemeentegeschiedenis.nl/gemeentenaam/Haarlem
447,http://www.gemeentegeschiedenis.nl/gemeentenaam/Noordwijkerhout
448,http://www.gemeentegeschiedenis.nl/gemeentenaam/Schagen
449,http://www.gemeentegeschiedenis.nl/gemeentenaam/Leiden
450,http://www.gemeentegeschiedenis.nl/gemeentenaam/Amsterdam
451,http://www.gemeentegeschiedenis.nl/gemeentenaam/Haarlem
452,http://www.gemeentegeschiedenis.nl/gemeentenaam/Hasselt
453,http://www.gemeentegeschiedenis.nl/gemeentenaam/Haarlem
454,http://www.gemeentegeschiedenis.nl/gemeentenaam/Hagestein
455,http://www.gemeentegeschiedenis.nl/gemeentenaam/Haarlem
456,http://www.gemeentegeschiedenis.nl/gemeentenaam/Leeuwarden
457,http://www.gemeentegeschiedenis.nl/gemeentenaam/Haarlemmerliede_en_Spaarnwoude
458,http://www.gemeentegeschiedenis.nl/gemeentenaam/Haarlem
459,http://www.gemeentegeschiedenis.nl/gemeentenaam/Haarlem
460,http://www.gemeentegeschiedenis.nl/gemeentenaam/Haarlem
461,http://www.gemeentegeschiedenis.nl/gemeentenaam/Haarlem
462,http://www.gemeentegeschiedenis.nl/gemeentenaam/Haarlem
463,http://www.gemeentegeschiedenis.nl/gemeentenaam/Haarlem
464,http://www.gemeentegeschiedenis.nl/gemeentenaam/Haarlem
465,http://www.gemeentegeschiedenis.nl/gemeentenaam/Kampen
466,http://www.gemeentegeschiedenis.nl/gemeentenaam/Arnhem
467,http://www.gemeentegeschiedenis.nl/gemeentenaam/Utrecht
469,http://www.gemeentegeschiedenis.nl/gemeentenaam/Haarlem
470,http://www.gemeentegeschiedenis.nl/gemeentenaam/Haarlem
471,http://www.gemeentegeschiedenis.nl/gemeentenaam/Tilburg
472,http://www.gemeentegeschiedenis.nl/gemeentenaam/Amsterdam
473,http://www.gemeentegeschiedenis.nl/gemeentenaam/Rotterdam
474,http://www.gemeentegeschiedenis.nl/gemeentenaam/Oostdongeradeel
475,http://www.gemeentegeschiedenis.nl/gemeentenaam/Utrecht
476,http://www.gemeentegeschiedenis.nl/gemeentenaam/Amsterdam
477,http://www.gemeentegeschiedenis.nl/gemeentenaam/Amsterdam
478,http://www.gemeentegeschiedenis.nl/gemeentenaam/Haarlem
479,http://www.gemeentegeschiedenis.nl/gemeentenaam/Haarlem
480,http://www.gemeentegeschiedenis.nl/gemeentenaam/Haarlem
481,http://www.gemeentegeschiedenis.nl/gemeentenaam/Amsterdam
482,http://www.gemeentegeschiedenis.nl/gemeentenaam/Haarlem
483,http://www.gemeentegeschiedenis.nl/gemeentenaam/Haarlem
484,http://www.gemeentegeschiedenis.nl/gemeentenaam/Deventer
485,http://www.gemeentegeschiedenis.nl/gemeentenaam/Utrecht
486,http://www.gemeentegeschiedenis.nl/gemeentenaam/Haarlem
487,http://www.gemeentegeschiedenis.nl/gemeentenaam/Haarlem
488,http://www.gemeentegeschiedenis.nl/gemeentenaam/Amsterdam
489,http://www.gemeentegeschiedenis.nl/gemeentenaam/Haarlem
490,http://www.gemeentegeschiedenis.nl/gemeentenaam/Haarlemmerliede_en_Spaarnwoude
491,http://www.gemeentegeschiedenis.nl/gemeentenaam/Spaarndam
492,http://www.gemeentegeschiedenis.nl/gemeentenaam/Haarlem
493,http://www.gemeentegeschiedenis.nl/gemeentenaam/Haarlem
494,http://www.gemeentegeschiedenis.nl/gemeentenaam/Haarlem
495,http://www.gemeentegeschiedenis.nl/gemeentenaam/Hattem
496,http://www.gemeentegeschiedenis.nl/gemeentenaam/Haarlem
497,http://www.gemeentegeschiedenis.nl/gemeentenaam/Haarlem
498,http://www.gemeentegeschiedenis.nl/gemeentenaam/Amsterdam
499,http://www.gemeentegeschiedenis.nl/gemeentenaam/Deventer
500,http://www.gemeentegeschiedenis.nl/gemeentenaam/Moergestel
501,http://www.gemeentegeschiedenis.nl/gemeentenaam/Amsterdam
502,http://www.gemeentegeschiedenis.nl/gemeentenaam/Haarlem
503,http://www.gemeentegeschiedenis.nl/gemeentenaam/Haarlem
504,http://www.gemeentegeschiedenis.nl/gemeentenaam/Haarlem
505,http://www.gemeentegeschiedenis.nl/gemeentenaam/Haarlem
506,http://www.gemeentegeschiedenis.nl/gemeentenaam/Haarlem
507,http://www.gemeentegeschiedenis.nl/gemeentenaam/Haarlemmermeer
508,http://www.gemeentegeschiedenis.nl/gemeentenaam/Zwolle
509,http://www.gemeentegeschiedenis.nl/gemeentenaam/Haarlem
510,http://www.gemeentegeschiedenis.nl/gemeentenaam/Utrecht
511,http://www.gemeentegeschiedenis.nl/gemeentenaam/Haarlemmermeer
512,http://www.gemeentegeschiedenis.nl/gemeentenaam/Haarlem
514,http://www.gemeentegeschiedenis.nl/gemeentenaam/Haarlem
515,http://www.gemeentegeschiedenis.nl/gemeentenaam/Purmerend
516,http://www.gemeentegeschiedenis.nl/gemeentenaam/Haarlem
517,http://www.gemeentegeschiedenis.nl/gemeentenaam/Ooltgensplaat
518,http://www.gemeentegeschiedenis.nl/gemeentenaam/Haarlem
519,http://www.gemeentegeschiedenis.nl/gemeentenaam/Haarlem
520,http://www.gemeentegeschiedenis.nl/gemeentenaam/Haarlem
521,http://www.gemeentegeschiedenis.nl/gemeentenaam/Haarlem
522,http://www.gemeentegeschiedenis.nl/gemeentenaam/Haarlem
523,http://www.gemeentegeschiedenis.nl/gemeentenaam/Bloemendaal
524,http://www.gemeentegeschiedenis.nl/gemeentenaam/Haarlem
525,http://www.gemeentegeschiedenis.nl/gemeentenaam/Haarlem
526,http://www.gemeentegeschiedenis.nl/gemeentenaam/Zwolle
527,http://www.gemeentegeschiedenis.nl/gemeentenaam/Haarlem
528,http://www.gemeentegeschiedenis.nl/gemeentenaam/Haarlem
529,http://www.gemeentegeschiedenis.nl/gemeentenaam/Vlagtwedde
530,http://www.gemeentegeschiedenis.nl/gemeentenaam/Haarlemmerliede_en_Spaarnwoude
531,http://www.gemeentegeschiedenis.nl/gemeentenaam/Amsterdam
532,http://www.gemeentegeschiedenis.nl/gemeentenaam/Haarlem
533,http://www.gemeentegeschiedenis.nl/gemeentenaam/Haarlem
534,http://www.gemeentegeschiedenis.nl/gemeentenaam/Haarlem
535,http://www.gemeentegeschiedenis.nl/gemeentenaam/Veenendaal
536,http://www.gemeentegeschiedenis.nl/gemeentenaam/Heemstede
537,http://www.gemeentegeschiedenis.nl/gemeentenaam/Zwolle
538,http://www.gemeentegeschiedenis.nl/gemeentenaam/Haarlem
539,http://www.gemeentegeschiedenis.nl/gemeentenaam/Haarlem
540,http://www.gemeentegeschiedenis.nl/gemeentenaam/Amsterdam
541,http://www.gemeentegeschiedenis.nl/gemeentenaam/Haarlem
542,http://www.gemeentegeschiedenis.nl/gemeentenaam/Haarlem
543,http://www.gemeentegeschiedenis.nl/gemeentenaam/Zeist
544,http://www.gemeentegeschiedenis.nl/gemeentenaam/s-Gravenhage
545,http://www.gemeentegeschiedenis.nl/gemeentenaam/Wamel
546,http://www.gemeentegeschiedenis.nl/gemeentenaam/Haarlem
547,http://www.gemeentegeschiedenis.nl/gemeentenaam/Haarlem
548,http://www.gemeentegeschiedenis.nl/gemeentenaam/Haarlem
549,http://www.gemeentegeschiedenis.nl/gemeentenaam/Haarlem
550,Suriname
551,http://www.gemeentegeschiedenis.nl/gemeentenaam/Haarlem
552,http://www.gemeentegeschiedenis.nl/gemeentenaam/Haarlem
553,http://www.gemeentegeschiedenis.nl/gemeentenaam/Haarlem
554,http://www.gemeentegeschiedenis.nl/gemeentenaam/Amsterdam
555,http://www.gemeentegeschiedenis.nl/gemeentenaam/Haarlemmerliede_en_Spaarnwoude
556,http://www.gemeentegeschiedenis.nl/gemeentenaam/Kampen
557,http://www.gemeentegeschiedenis.nl/gemeentenaam/Leeuwarden
558,http://www.gemeentegeschiedenis.nl/gemeentenaam/Schiedam
559,http://www.gemeentegeschiedenis.nl/gemeentenaam/Haarlem
560,http://www.gemeentegeschiedenis.nl/gemeentenaam/Middelburg_Ze
561,http://www.gemeentegeschiedenis.nl/gemeentenaam/Zaandijk
562,http://www.gemeentegeschiedenis.nl/gemeentenaam/Zwolle
563,http://www.gemeentegeschiedenis.nl/gemeentenaam/Amsterdam
564,http://www.gemeentegeschiedenis.nl/gemeentenaam/Zwolle
565,http://www.gemeentegeschiedenis.nl/gemeentenaam/Haarlem
566,http://www.gemeentegeschiedenis.nl/gemeentenaam/Haarlem
567,http://www.gemeentegeschiedenis.nl/gemeentenaam/Rotterdam
568,http://www.gemeentegeschiedenis.nl/gemeentenaam/Haarlem
569,http://www.gemeentegeschiedenis.nl/gemeentenaam/Wassenaar
570,http://www.gemeentegeschiedenis.nl/gemeentenaam/Haarlem
571,http://www.gemeentegeschiedenis.nl/gemeentenaam/Haarlem
572,http://www.gemeentegeschiedenis.nl/gemeentenaam/Amsterdam
573,http://www.gemeentegeschiedenis.nl/gemeentenaam/Haarlem
575,http://www.gemeentegeschiedenis.nl/gemeentenaam/Amsterdam
576,http://www.gemeentegeschiedenis.nl/gemeentenaam/Tilburg
577,http://www.gemeentegeschiedenis.nl/gemeentenaam/Haarlem
578,http://www.gemeentegeschiedenis.nl/gemeentenaam/Haarlem
579,http://www.gemeentegeschiedenis.nl/gemeentenaam/Franeker
580,http://www.gemeentegeschiedenis.nl/gemeentenaam/Haarlem
581,http://www.gemeentegeschiedenis.nl/gemeentenaam/Velsen
582,http://www.gemeentegeschiedenis.nl/gemeentenaam/Haarlem
583,http://www.gemeentegeschiedenis.nl/gemeentenaam/Haarlem
584,http://www.gemeentegeschiedenis.nl/gemeentenaam/Bath
585,http://www.gemeentegeschiedenis.nl/gemeentenaam/Haarlem
586,http://www.gemeentegeschiedenis.nl/gemeentenaam/Arnhem
587,http://www.gemeentegeschiedenis.nl/gemeentenaam/Dokkum
588,http://www.gemeentegeschiedenis.nl/gemeentenaam/Rotterdam
589,http://www.gemeentegeschiedenis.nl/gemeentenaam/Zijpe
590,http://www.gemeentegeschiedenis.nl/gemeentenaam/Haarlem
591,http://www.gemeentegeschiedenis.nl/gemeentenaam/Hoogezand
592,http://www.gemeentegeschiedenis.nl/gemeentenaam/Haarlem
593,http://www.gemeentegeschiedenis.nl/gemeentenaam/Groningen
594,http://www.gemeentegeschiedenis.nl/gemeentenaam/Kampen
595,http://www.gemeentegeschiedenis.nl/gemeentenaam/Haarlem
596,http://www.gemeentegeschiedenis.nl/gemeentenaam/Haarlem
597,http://www.gemeentegeschiedenis.nl/gemeentenaam/Deventer
598,http://www.gemeentegeschiedenis.nl/gemeentenaam/Zwolle
599,http://www.gemeentegeschiedenis.nl/gemeentenaam/Haarlem
600,http://www.gemeentegeschiedenis.nl/gemeentenaam/Haarlemmermeer
601,http://www.gemeentegeschiedenis.nl/gemeentenaam/Heiloo
602,http://www.gemeentegeschiedenis.nl/gemeentenaam/Haarlem
603,http://www.gemeentegeschiedenis.nl/gemeentenaam/Haarlem
604,http://www.gemeentegeschiedenis.nl/gemeentenaam/Haarlem
605,http://www.gemeentegeschiedenis.nl/gemeentenaam/Haarlem
606,http://www.gemeentegeschiedenis.nl/gemeentenaam/Haarlem
607,http://www.gemeentegeschiedenis.nl/gemeentenaam/Heemstede
608,http://www.gemeentegeschiedenis.nl/gemeentenaam/Rotterdam
609,http://www.gemeentegeschiedenis.nl/gemeentenaam/Delft
610,http://www.gemeentegeschiedenis.nl/gemeentenaam/Haarlem
611,http://www.gemeentegeschiedenis.nl/gemeentenaam/Hillegom
612,http://www.gemeentegeschiedenis.nl/gemeentenaam/Amsterdam
613,http://www.gemeentegeschiedenis.nl/gemeentenaam/Haarlem
614,http://www.gemeentegeschiedenis.nl/gemeentenaam/Haarlem
615,http://www.gemeentegeschiedenis.nl/gemeentenaam/Haarlem
616,http://www.gemeentegeschiedenis.nl/gemeentenaam/Steenwijk
617,http://www.gemeentegeschiedenis.nl/gemeentenaam/Haarlem
618,http://www.gemeentegeschiedenis.nl/gemeentenaam/Haarlem
619,http://www.gemeentegeschiedenis.nl/gemeentenaam/Haarlem
620,http://www.gemeentegeschiedenis.nl/gemeentenaam/Zaandam
621,http://www.gemeentegeschiedenis.nl/gemeentenaam/Haarlem
622,http://www.gemeentegeschiedenis.nl/gemeentenaam/Borne
623,http://www.gemeentegeschiedenis.nl/gemeentenaam/Kampen
624,http://www.gemeentegeschiedenis.nl/gemeentenaam/Zwolle
625,http://www.gemeentegeschiedenis.nl/gemeentenaam/Haarlem
626,http://www.gemeentegeschiedenis.nl/gemeentenaam/Epe
627,http://www.gemeentegeschiedenis.nl/gemeentenaam/Apeldoorn
628,http://www.gemeentegeschiedenis.nl/gemeentenaam/Haarlem
629,http://www.gemeentegeschiedenis.nl/gemeentenaam/Haarlem
630,http://www.gemeentegeschiedenis.nl/gemeentenaam/Bennebroek
631,http://www.gemeentegeschiedenis.nl/gemeentenaam/Haarlem
632,http://www.gemeentegeschiedenis.nl/gemeentenaam/Haarlem
633,http://www.gemeentegeschiedenis.nl/gemeentenaam/Haarlem
634,http://www.gemeentegeschiedenis.nl/gemeentenaam/Nieuwe_Niedorp
635,http://www.gemeentegeschiedenis.nl/gemeentenaam/s-Hertogenbosch
636,http://www.gemeentegeschiedenis.nl/gemeentenaam/Haarlem
637,http://www.gemeentegeschiedenis.nl/gemeentenaam/Haarlem
638,http://www.gemeentegeschiedenis.nl/gemeentenaam/Haarlem
639,http://www.gemeentegeschiedenis.nl/gemeentenaam/Haarlemmermeer
641,http://www.gemeentegeschiedenis.nl/gemeentenaam/Haarlem
642,http://www.gemeentegeschiedenis.nl/gemeentenaam/Amsterdam
643,http://www.gemeentegeschiedenis.nl/gemeentenaam/Deventer
644,http://www.gemeentegeschiedenis.nl/gemeentenaam/Gaasterland
645,http://www.gemeentegeschiedenis.nl/gemeentenaam/Amsterdam
646,http://www.gemeentegeschiedenis.nl/gemeentenaam/Haarlemmerliede_en_Spaarnwoude
647,http://www.gemeentegeschiedenis.nl/gemeentenaam/Haarlem
648,http://www.gemeentegeschiedenis.nl/gemeentenaam/Haarlem
649,http://www.gemeentegeschiedenis.nl/gemeentenaam/Hoorn
650,http://www.gemeentegeschiedenis.nl/gemeentenaam/Lisse
651,http://www.gemeentegeschiedenis.nl/gemeentenaam/Haarlem
652,http://www.gemeentegeschiedenis.nl/gemeentenaam/Haarlemmerliede_en_Spaarnwoude
653,http://www.gemeentegeschiedenis.nl/gemeentenaam/Amsterdam
654,http://www.gemeentegeschiedenis.nl/gemeentenaam/Groesbeek
655,http://www.gemeentegeschiedenis.nl/gemeentenaam/Haarlem
656,http://www.gemeentegeschiedenis.nl/gemeentenaam/Haarlem
657,http://www.gemeentegeschiedenis.nl/gemeentenaam/Haarlemmerliede_en_Spaarnwoude
658,http://www.gemeentegeschiedenis.nl/gemeentenaam/Haarlem
659,http://www.gemeentegeschiedenis.nl/gemeentenaam/Haarlem
660,http://www.gemeentegeschiedenis.nl/gemeentenaam/Haarlem
661,http://www.gemeentegeschiedenis.nl/gemeentenaam/Amsterdam
662,http://www.gemeentegeschiedenis.nl/gemeentenaam/Amsterdam
663,http://www.gemeentegeschiedenis.nl/gemeentenaam/Haarlem
664,http://www.gemeentegeschiedenis.nl/gemeentenaam/Haarlem
665,http://www.gemeentegeschiedenis.nl/gemeentenaam/Amsterdam
666,http://www.gemeentegeschiedenis.nl/gemeentenaam/Haarlem
667,http://www.gemeentegeschiedenis.nl/gemeentenaam/Haarlem
668,http://www.gemeentegeschiedenis.nl/gemeentenaam/Dordrecht
669,http://www.gemeentegeschiedenis.nl/gemeentenaam/Haarlem
670,http://www.gemeentegeschiedenis.nl/gemeentenaam/Haarlem
671,http://www.gemeentegeschiedenis.nl/gemeentenaam/Haarlem
672,http://www.gemeentegeschiedenis.nl/gemeentenaam/Haarlem
673,http://www.gemeentegeschiedenis.nl/gemeentenaam/Hattem
674,http://www.gemeentegeschiedenis.nl/gemeentenaam/Haarlemmerliede_en_Spaarnwoude
675,http://www.gemeentegeschiedenis.nl/gemeentenaam/s-Gravenhage
676,http://www.gemeentegeschiedenis.nl/gemeentenaam/Haarlem
677,http://www.gemeentegeschiedenis.nl/gemeentenaam/Haarlem
678,http://www.gemeentegeschiedenis.nl/gemeentenaam/Haarlem
679,http://www.gemeentegeschiedenis.nl/gemeentenaam/Haarlem
680,http://www.gemeentegeschiedenis.nl/gemeentenaam/Deventer
681,http://www.gemeentegeschiedenis.nl/gemeentenaam/Ooststellingwerf
682,http://www.gemeentegeschiedenis.nl/gemeentenaam/Amsterdam
683,http://www.gemeentegeschiedenis.nl/gemeentenaam/Bergen_op_Zoom
684,http://www.gemeentegeschiedenis.nl/gemeentenaam/Haarlem
685,http://www.gemeentegeschiedenis.nl/gemeentenaam/Amsterdam
686,http://www.gemeentegeschiedenis.nl/gemeentenaam/Amsterdam
687,http://www.gemeentegeschiedenis.nl/gemeentenaam/Weesp
688,http://www.gemeentegeschiedenis.nl/gemeentenaam/Haarlem
689,http://www.gemeentegeschiedenis.nl/gemeentenaam/Haarlem
690,http://www.gemeentegeschiedenis.nl/gemeentenaam/Amsterdam
691,http://www.gemeentegeschiedenis.nl/gemeentenaam/Haarlem
692,http://www.gemeentegeschiedenis.nl/gemeentenaam/Haarlem
693,http://www.gemeentegeschiedenis.nl/gemeentenaam/Heemstede
694,http://www.gemeentegeschiedenis.nl/gemeentenaam/Haarlem
695,http://www.gemeentegeschiedenis.nl/gemeentenaam/Hoorn
696,http://www.gemeentegeschiedenis.nl/gemeentenaam/Zutphen
697,http://www.gemeentegeschiedenis.nl/gemeentenaam/Haarlem
698,http://www.gemeentegeschiedenis.nl/gemeentenaam/Wissenkerke_NBev
699,http://www.gemeentegeschiedenis.nl/gemeentenaam/Leeuwarderadeel
700,http://www.gemeentegeschiedenis.nl/gemeentenaam/Weesp
701,http://www.gemeentegeschiedenis.nl/gemeentenaam/Brielle
702,http://www.gemeentegeschiedenis.nl/gemeentenaam/Haarlem
703,http://www.gemeentegeschiedenis.nl/gemeentenaam/Haarlem
704,http://www.gemeentegeschiedenis.nl/gemeentenaam/Haarlemmermeer
705,http://www.gemeentegeschiedenis.nl/gemeentenaam/Leeuwarden
706,http://www.gemeentegeschiedenis.nl/gemeentenaam/Zwartsluis
707,http://www.gemeentegeschiedenis.nl/gemeentenaam/Haarlem
708,http://www.gemeentegeschiedenis.nl/gemeentenaam/Haarlem
709,http://www.gemeentegeschiedenis.nl/gemeentenaam/Haarlem
710,http://www.gemeentegeschiedenis.nl/gemeentenaam/Wieringerwaard
711,http://www.gemeentegeschiedenis.nl/gemeentenaam/Haarlem
712,http://www.gemeentegeschiedenis.nl/gemeentenaam/s-Gravenhage
713,http://www.gemeentegeschiedenis.nl/gemeentenaam/De_Bilt
714,http://www.gemeentegeschiedenis.nl/gemeentenaam/Deventer
715,http://www.gemeentegeschiedenis.nl/gemeentenaam/Amsterdam
716,http://www.gemeentegeschiedenis.nl/gemeentenaam/Hensbroek
717,http://www.gemeentegeschiedenis.nl/gemeentenaam/Haarlem
718,http://www.gemeentegeschiedenis.nl/gemeentenaam/Haarlem
719,http://www.gemeentegeschiedenis.nl/gemeentenaam/Haarlem
720,http://www.gemeentegeschiedenis.nl/gemeentenaam/Haarlem
721,http://www.gemeentegeschiedenis.nl/gemeentenaam/Haarlem
722,http://www.gemeentegeschiedenis.nl/gemeentenaam/s-Gravenhage
723,http://www.gemeentegeschiedenis.nl/gemeentenaam/Deventer
724,http://www.gemeentegeschiedenis.nl/gemeentenaam/Haarlem
725,http://www.gemeentegeschiedenis.nl/gemeentenaam/Haarlem
726,http://www.gemeentegeschiedenis.nl/gemeentenaam/Woensel
727,http://www.gemeentegeschiedenis.nl/gemeentenaam/Haarlem
728,http://www.gemeentegeschiedenis.nl/gemeentenaam/Zutphen
729,http://www.gemeentegeschiedenis.nl/gemeentenaam/Haarlem
730,http://www.gemeentegeschiedenis.nl/gemeentenaam/Hoogwoud
731,http://www.gemeentegeschiedenis.nl/gemeentenaam/Zutphen
732,http://www.gemeentegeschiedenis.nl/gemeentenaam/Leek
733,http://www.gemeentegeschiedenis.nl/gemeentenaam/Renswoude
734,http://www.gemeentegeschiedenis.nl/gemeentenaam/Den_Helder
735,http://www.gemeentegeschiedenis.nl/gemeentenaam/Krommenie
736,http://www.gemeentegeschiedenis.nl/gemeentenaam/Haarlem
737,http://www.gemeentegeschiedenis.nl/gemeentenaam/Olst
738,http://www.gemeentegeschiedenis.nl/gemeentenaam/Nieuw-Lekkerland
739,http://www.gemeentegeschiedenis.nl/gemeentenaam/Haarlem
740,http://www.gemeentegeschiedenis.nl/gemeentenaam/Haarlem
741,http://www.gemeentegeschiedenis.nl/gemeentenaam/Rotterdam
742,http://www.gemeentegeschiedenis.nl/gemeentenaam/Haarlem
743,http://www.gemeentegeschiedenis.nl/gemeentenaam/Amsterdam
744,http://www.gemeentegeschiedenis.nl/gemeentenaam/Wymbritseradeel
745,http://www.gemeentegeschiedenis.nl/gemeentenaam/Haarlem
746,http://www.gemeentegeschiedenis.nl/gemeentenaam/Amsterdam
747,http://www.gemeentegeschiedenis.nl/gemeentenaam/Haarlem
748,http://www.gemeentegeschiedenis.nl/gemeentenaam/Haarlem
749,http://www.gemeentegeschiedenis.nl/gemeentenaam/Haarlem
750,http://www.gemeentegeschiedenis.nl/gemeentenaam/Zaandam
751,http://www.gemeentegeschiedenis.nl/gemeentenaam/Haarlem
752,http://www.gemeentegeschiedenis.nl/gemeentenaam/Haarlem
753,http://www.gemeentegeschiedenis.nl/gemeentenaam/Amsterdam
754,http://www.gemeentegeschiedenis.nl/gemeentenaam/Haarlem
755,http://www.gemeentegeschiedenis.nl/gemeentenaam/Haarlem
756,http://www.gemeentegeschiedenis.nl/gemeentenaam/Hattem
757,http://www.gemeentegeschiedenis.nl/gemeentenaam/Haarlem
758,http://www.gemeentegeschiedenis.nl/gemeentenaam/Haarlem
759,http://www.gemeentegeschiedenis.nl/gemeentenaam/Arnhem
760,http://www.gemeentegeschiedenis.nl/gemeentenaam/Haarlem
761,http://www.gemeentegeschiedenis.nl/gemeentenaam/Edam
762,http://www.gemeentegeschiedenis.nl/gemeentenaam/Wijdenes
763,http://www.gemeentegeschiedenis.nl/gemeentenaam/Woudenberg
764,http://www.gemeentegeschiedenis.nl/gemeentenaam/Haarlem
765,http://www.gemeentegeschiedenis.nl/gemeentenaam/Zutphen
766,http://www.gemeentegeschiedenis.nl/gemeentenaam/Haarlem
767,http://www.gemeentegeschiedenis.nl/gemeentenaam/Haarlem
768,http://www.gemeentegeschiedenis.nl/gemeentenaam/Bolsward
769,http://www.gemeentegeschiedenis.nl/gemeentenaam/Haarlem
770,http://www.gemeentegeschiedenis.nl/gemeentenaam/Haarlem
771,http://www.gemeentegeschiedenis.nl/gemeentenaam/Koudum
772,http://www.gemeentegeschiedenis.nl/gemeentenaam/Amsterdam
773,http://www.gemeentegeschiedenis.nl/gemeentenaam/Haarlem
774,http://www.gemeentegeschiedenis.nl/gemeentenaam/Haarlem
775,http://www.gemeentegeschiedenis.nl/gemeentenaam/Haarlem
776,http://www.gemeentegeschiedenis.nl/gemeentenaam/Egmond_aan_Zee
777,http://www.gemeentegeschiedenis.nl/gemeentenaam/Haarlem
778,Duitsland
779,http://www.gemeentegeschiedenis.nl/gemeentenaam/Leeuwarden
780,http://www.gemeentegeschiedenis.nl/gemeentenaam/Avenhorn
781,http://www.gemeentegeschiedenis.nl/gemeentenaam/Kollum
782,http://www.gemeentegeschiedenis.nl/gemeentenaam/Haarlem
783,http://www.gemeentegeschiedenis.nl/gemeentenaam/Harlingen
784,http://www.gemeentegeschiedenis.nl/gemeentenaam/Hoorn
785,http://www.gemeentegeschiedenis.nl/gemeentenaam/Wijdenes
786,http://www.gemeentegeschiedenis.nl/gemeentenaam/Amersfoort
787,http://www.gemeentegeschiedenis.nl/gemeentenaam/Haarlem
788,http://www.gemeentegeschiedenis.nl/gemeentenaam/Haarlem
789,http://www.gemeentegeschiedenis.nl/gemeentenaam/Haarlem
790,http://www.gemeentegeschiedenis.nl/gemeentenaam/Amsterdam
791,http://www.gemeentegeschiedenis.nl/gemeentenaam/Amsterdam
792,http://www.gemeentegeschiedenis.nl/gemeentenaam/Haarlemmerliede_en_Spaarnwoude
793,http://www.gemeentegeschiedenis.nl/gemeentenaam/Venhuizen
794,http://www.gemeentegeschiedenis.nl/gemeentenaam/Haarlem
795,http://www.gemeentegeschiedenis.nl/gemeentenaam/Alkmaar
796,http://www.gemeentegeschiedenis.nl/gemeentenaam/Spaarndam
797,http://www.gemeentegeschiedenis.nl/gemeentenaam/Eindhoven
798,http://www.gemeentegeschiedenis.nl/gemeentenaam/Bloemendaal
799,http://www.gemeentegeschiedenis.nl/gemeentenaam/Rhenen
800,http://www.gemeentegeschiedenis.nl/gemeentenaam/Bolsward
801,http://www.gemeentegeschiedenis.nl/gemeentenaam/Brielle
802,http://www.gemeentegeschiedenis.nl/gemeentenaam/Noordwijk
803,http://www.gemeentegeschiedenis.nl/gemeentenaam/Barsingerhorn
804,http://www.gemeentegeschiedenis.nl/gemeentenaam/Doniawerstal
805,http://www.gemeentegeschiedenis.nl/gemeentenaam/Haarlem
806,http://www.gemeentegeschiedenis.nl/gemeentenaam/Arnhem
807,http://www.gemeentegeschiedenis.nl/gemeentenaam/Haarlemmermeer
808,http://www.gemeentegeschiedenis.nl/gemeentenaam/Amsterdam
809,http://www.gemeentegeschiedenis.nl/gemeentenaam/Utrecht
810,http://www.gemeentegeschiedenis.nl/gemeentenaam/Haarlem
811,http://www.gemeentegeschiedenis.nl/gemeentenaam/Amsterdam
812,http://www.gemeentegeschiedenis.nl/gemeentenaam/Menaldum
813,http://www.gemeentegeschiedenis.nl/gemeentenaam/Kampen
814,http://www.gemeentegeschiedenis.nl/gemeentenaam/Hasselt
815,http://www.gemeentegeschiedenis.nl/gemeentenaam/De_Bilt
816,http://www.gemeentegeschiedenis.nl/gemeentenaam/Franekeradeel
817,http://www.gemeentegeschiedenis.nl/gemeentenaam/Haarlem
818,http://www.gemeentegeschiedenis.nl/gemeentenaam/Deventer
819,http://www.gemeentegeschiedenis.nl/gemeentenaam/Haarlem
820,http://www.gemeentegeschiedenis.nl/gemeentenaam/Haarlem
821,http://www.gemeentegeschiedenis.nl/gemeentenaam/Zeist
822,http://www.gemeentegeschiedenis.nl/gemeentenaam/Haarlem
823,http://www.gemeentegeschiedenis.nl/gemeentenaam/Krommenie
824,http://www.gemeentegeschiedenis.nl/gemeentenaam/s-Heer_Arendskerke
825,http://www.gemeentegeschiedenis.nl/gemeentenaam/Haarlem
826,http://www.gemeentegeschiedenis.nl/gemeentenaam/Haarlem
827,http://www.gemeentegeschiedenis.nl/gemeentenaam/Klundert
828,http://www.gemeentegeschiedenis.nl/gemeentenaam/Haarlem
829,http://www.gemeentegeschiedenis.nl/gemeentenaam/Haarlem
830,http://www.gemeentegeschiedenis.nl/gemeentenaam/Haarlemmermeer
831,http://www.gemeentegeschiedenis.nl/gemeentenaam/Oude_Niedorp
832,http://www.gemeentegeschiedenis.nl/gemeentenaam/Haarlem
833,http://www.gemeentegeschiedenis.nl/gemeentenaam/Haarlem
834,http://www.gemeentegeschiedenis.nl/gemeentenaam/Haarlem
835,http://www.gemeentegeschiedenis.nl/gemeentenaam/Haarlem
836,http://www.gemeentegeschiedenis.nl/gemeentenaam/Haarlem
837,http://www.gemeentegeschiedenis.nl/gemeentenaam/Haarlem
838,http://www.gemeentegeschiedenis.nl/gemeentenaam/Haarlem
839,http://www.gemeentegeschiedenis.nl/gemeentenaam/Leeuwarderadeel
840,http://www.gemeentegeschiedenis.nl/gemeentenaam/Haarlem
841,http://www.gemeentegeschiedenis.nl/gemeentenaam/Haarlem
842,http://www.gemeentegeschiedenis.nl/gemeentenaam/Alkmaar
843,http://www.gemeentegeschiedenis.nl/gemeentenaam/Haarlem
844,http://www.gemeentegeschiedenis.nl/gemeentenaam/Rotterdam
845,http://www.gemeentegeschiedenis.nl/gemeentenaam/Haarlem
846,http://www.gemeentegeschiedenis.nl/gemeentenaam/Utingeradeel
847,http://www.gemeentegeschiedenis.nl/gemeentenaam/Haarlem
848,http://www.gemeentegeschiedenis.nl/gemeentenaam/Haarlem
849,http://www.gemeentegeschiedenis.nl/gemeentenaam/Wonseradeel
850,http://www.gemeentegeschiedenis.nl/gemeentenaam/s-Gravenhage
851,http://www.gemeentegeschiedenis.nl/gemeentenaam/Haarlem
852,http://www.gemeentegeschiedenis.nl/gemeentenaam/Haarlem
853,http://www.gemeentegeschiedenis.nl/gemeentenaam/Haarlem
854,http://www.gemeentegeschiedenis.nl/gemeentenaam/Haarlem
855,http://www.gemeentegeschiedenis.nl/gemeentenaam/Elburg
856,http://www.gemeentegeschiedenis.nl/gemeentenaam/Haarlem
857,http://www.gemeentegeschiedenis.nl/gemeentenaam/Harlingen
858,http://www.gemeentegeschiedenis.nl/gemeentenaam/Haarlem
859,http://www.gemeentegeschiedenis.nl/gemeentenaam/Hoorn
860,http://www.gemeentegeschiedenis.nl/gemeentenaam/Haarlem
861,http://www.gemeentegeschiedenis.nl/gemeentenaam/Haarlem
862,http://www.gemeentegeschiedenis.nl/gemeentenaam/Wilsum
863,http://www.gemeentegeschiedenis.nl/gemeentenaam/Maarssen
864,http://www.gemeentegeschiedenis.nl/gemeentenaam/Haarlem
865,http://www.gemeentegeschiedenis.nl/gemeentenaam/Bergen_NH
866,http://www.gemeentegeschiedenis.nl/gemeentenaam/Haarlem
867,http://www.gemeentegeschiedenis.nl/gemeentenaam/Haarlem
868,http://www.gemeentegeschiedenis.nl/gemeentenaam/Besoijen
869,http://www.gemeentegeschiedenis.nl/gemeentenaam/Haarlem
870,http://www.gemeentegeschiedenis.nl/gemeentenaam/Haarlem
871,http://www.gemeentegeschiedenis.nl/gemeentenaam/Haarlem
872,http://www.gemeentegeschiedenis.nl/gemeentenaam/Amsterdam
873,http://www.gemeentegeschiedenis.nl/gemeentenaam/Haarlem
874,http://www.gemeentegeschiedenis.nl/gemeentenaam/s-Gravenhage
875,http://www.gemeentegeschiedenis.nl/gemeentenaam/Amsterdam
876,http://www.gemeentegeschiedenis.nl/gemeentenaam/Haarlem
877,http://www.gemeentegeschiedenis.nl/gemeentenaam/Purmerend
878,http://www.gemeentegeschiedenis.nl/gemeentenaam/Haarlem
879,http://www.gemeentegeschiedenis.nl/gemeentenaam/Hengelo_Ov
880,http://www.gemeentegeschiedenis.nl/gemeentenaam/Bloemendaal
881,http://www.gemeentegeschiedenis.nl/gemeentenaam/Haarlem
882,http://www.gemeentegeschiedenis.nl/gemeentenaam/Zutphen
883,http://www.gemeentegeschiedenis.nl/gemeentenaam/Haarlem
884,http://www.gemeentegeschiedenis.nl/gemeentenaam/Zeist
885,http://www.gemeentegeschiedenis.nl/gemeentenaam/Haarlem
886,http://www.gemeentegeschiedenis.nl/gemeentenaam/Heemstede
887,http://www.gemeentegeschiedenis.nl/gemeentenaam/Haarlem
888,http://www.gemeentegeschiedenis.nl/gemeentenaam/Haarlem
889,http://www.gemeentegeschiedenis.nl/gemeentenaam/s-Gravenhage
890,http://www.gemeentegeschiedenis.nl/gemeentenaam/Arnhem
891,http://www.gemeentegeschiedenis.nl/gemeentenaam/Haarlem
892,http://www.gemeentegeschiedenis.nl/gemeentenaam/Maarssen
893,http://www.gemeentegeschiedenis.nl/gemeentenaam/Texel
894,http://www.gemeentegeschiedenis.nl/gemeentenaam/Leeuwarden
895,http://www.gemeentegeschiedenis.nl/gemeentenaam/Haarlem
896,http://www.gemeentegeschiedenis.nl/gemeentenaam/Wilnis
897,http://www.gemeentegeschiedenis.nl/gemeentenaam/Haarlem
898,http://www.gemeentegeschiedenis.nl/gemeentenaam/Amersfoort
899,http://www.gemeentegeschiedenis.nl/gemeentenaam/Amersfoort
900,http://www.gemeentegeschiedenis.nl/gemeentenaam/Haarlem
901,http://www.gemeentegeschiedenis.nl/gemeentenaam/Leeuwarden
902,http://www.gemeentegeschiedenis.nl/gemeentenaam/Middelburg_Ze
903,http://www.gemeentegeschiedenis.nl/gemeentenaam/Haarlem
904,http://www.gemeentegeschiedenis.nl/gemeentenaam/Haarlem
905,http://www.gemeentegeschiedenis.nl/gemeentenaam/Haarlem
906,http://www.gemeentegeschiedenis.nl/gemeentenaam/Alkmaar
907,http://www.gemeentegeschiedenis.nl/gemeentenaam/Alkmaar
908,http://www.gemeentegeschiedenis.nl/gemeentenaam/Schoorl
909,http://www.gemeentegeschiedenis.nl/gemeentenaam/Haarlem
910,http://www.gemeentegeschiedenis.nl/gemeentenaam/Heerhugowaard
911,http://www.gemeentegeschiedenis.nl/gemeentenaam/Haarlem
912,http://www.gemeentegeschiedenis.nl/gemeentenaam/Wymbritseradeel
913,http://www.gemeentegeschiedenis.nl/gemeentenaam/Ooststellingwerf
914,http://www.gemeentegeschiedenis.nl/gemeentenaam/Haarlem
915,http://www.gemeentegeschiedenis.nl/gemeentenaam/Bennebroek
916,http://www.gemeentegeschiedenis.nl/gemeentenaam/Oosterhesselen
917,http://www.gemeentegeschiedenis.nl/gemeentenaam/Haarlem
918,http://www.gemeentegeschiedenis.nl/gemeentenaam/Alkmaar
919,http://www.gemeentegeschiedenis.nl/gemeentenaam/Leeuwarden
920,http://www.gemeentegeschiedenis.nl/gemeentenaam/Haarlem
921,http://www.gemeentegeschiedenis.nl/gemeentenaam/Den_Helder
922,http://www.gemeentegeschiedenis.nl/gemeentenaam/Haarlem
923,http://www.gemeentegeschiedenis.nl/gemeentenaam/Bergen_NH
924,http://www.gemeentegeschiedenis.nl/gemeentenaam/Haarlem
925,http://www.gemeentegeschiedenis.nl/gemeentenaam/Haarlem
926,http://www.gemeentegeschiedenis.nl/gemeentenaam/Haarlem
927,http://www.gemeentegeschiedenis.nl/gemeentenaam/Haarlem
928,http://www.gemeentegeschiedenis.nl/gemeentenaam/Haarlem
929,http://www.gemeentegeschiedenis.nl/gemeentenaam/Haarlem
930,http://www.gemeentegeschiedenis.nl/gemeentenaam/Haarlem
931,http://www.gemeentegeschiedenis.nl/gemeentenaam/Aalsmeer
932,http://www.gemeentegeschiedenis.nl/gemeentenaam/Haarlemmermeer
933,http://www.gemeentegeschiedenis.nl/gemeentenaam/Haarlemmermeer
934,http://www.gemeentegeschiedenis.nl/gemeentenaam/Haarlem
935,http://www.gemeentegeschiedenis.nl/gemeentenaam/Lisse
936,http://www.gemeentegeschiedenis.nl/gemeentenaam/Haarlem
937,http://www.gemeentegeschiedenis.nl/gemeentenaam/s-Gravenhage
938,http://www.gemeentegeschiedenis.nl/gemeentenaam/Haarlem
939,http://www.gemeentegeschiedenis.nl/gemeentenaam/Velsen
940,http://www.gemeentegeschiedenis.nl/gemeentenaam/Haarlem
941,http://www.gemeentegeschiedenis.nl/gemeentenaam/Zwolle
942,http://www.gemeentegeschiedenis.nl/gemeentenaam/Haarlem
943,http://www.gemeentegeschiedenis.nl/gemeentenaam/Utrecht
944,http://www.gemeentegeschiedenis.nl/gemeentenaam/Haarlem
945,http://www.gemeentegeschiedenis.nl/gemeentenaam/Haarlem
946,http://www.gemeentegeschiedenis.nl/gemeentenaam/Westzaan
947,http://www.gemeentegeschiedenis.nl/gemeentenaam/Haarlem
948,http://www.gemeentegeschiedenis.nl/gemeentenaam/Amsterdam
949,http://www.gemeentegeschiedenis.nl/gemeentenaam/Haarlem
950,http://www.gemeentegeschiedenis.nl/gemeentenaam/Haarlem
951,http://www.gemeentegeschiedenis.nl/gemeentenaam/Haarlem
952,http://www.gemeentegeschiedenis.nl/gemeentenaam/Amsterdam
953,http://www.gemeentegeschiedenis.nl/gemeentenaam/Amsterdam
954,http://www.gemeentegeschiedenis.nl/gemeentenaam/Haarlemmerliede_en_Spaarnwoude
955,http://www.gemeentegeschiedenis.nl/gemeentenaam/Haarlem
956,http://www.gemeentegeschiedenis.nl/gemeentenaam/Wognum
957,http://www.gemeentegeschiedenis.nl/gemeentenaam/Haarlem
959,http://www.gemeentegeschiedenis.nl/gemeentenaam/Uitgeest
960,http://www.gemeentegeschiedenis.nl/gemeentenaam/Haarlem
961,http://www.gemeentegeschiedenis.nl/gemeentenaam/Haarlem
962,http://www.gemeentegeschiedenis.nl/gemeentenaam/Haarlem
963,http://www.gemeentegeschiedenis.nl/gemeentenaam/Spaarndam
964,http://www.gemeentegeschiedenis.nl/gemeentenaam/Oudkarspel
965,http://www.gemeentegeschiedenis.nl/gemeentenaam/Haarlem
967,http://www.gemeentegeschiedenis.nl/gemeentenaam/Zwartsluis
968,http://www.gemeentegeschiedenis.nl/gemeentenaam/Haarlem
969,http://www.gemeentegeschiedenis.nl/gemeentenaam/Alkmaar
970,http://www.gemeentegeschiedenis.nl/gemeentenaam/Bloemendaal
971,http://www.gemeentegeschiedenis.nl/gemeentenaam/Haarlem
972,http://www.gemeentegeschiedenis.nl/gemeentenaam/Barsingerhorn
973,http://www.gemeentegeschiedenis.nl/gemeentenaam/Haarlem
974,http://www.gemeentegeschiedenis.nl/gemeentenaam/Winkel
975,http://www.gemeentegeschiedenis.nl/gemeentenaam/Grave
976,http://www.gemeentegeschiedenis.nl/gemeentenaam/Zwolle
977,http://www.gemeentegeschiedenis.nl/gemeentenaam/Nijmegen
978,http://www.gemeentegeschiedenis.nl/gemeentenaam/Idaarderadeel
979,http://www.gemeentegeschiedenis.nl/gemeentenaam/Haarlem
980,http://www.gemeentegeschiedenis.nl/gemeentenaam/Haarlem
981,http://www.gemeentegeschiedenis.nl/gemeentenaam/Haarlem
982,http://www.gemeentegeschiedenis.nl/gemeentenaam/Haarlem
983,http://www.gemeentegeschiedenis.nl/gemeentenaam/Haarlem
984,http://www.gemeentegeschiedenis.nl/gemeentenaam/Amsterdam
985,http://www.gemeentegeschiedenis.nl/gemeentenaam/Leiden
986,http://www.gemeentegeschiedenis.nl/gemeentenaam/Haarlem
987,http://www.gemeentegeschiedenis.nl/gemeentenaam/Haarlem
988,http://www.gemeentegeschiedenis.nl/gemeentenaam/Utrecht
989,http://www.gemeentegeschiedenis.nl/gemeentenaam/Haarlem
990,http://www.gemeentegeschiedenis.nl/gemeentenaam/Haarlem
991,http://www.gemeentegeschiedenis.nl/gemeentenaam/Haarlem
992,http://www.gemeentegeschiedenis.nl/gemeentenaam/Haarlem
993,http://www.gemeentegeschiedenis.nl/gemeentenaam/Haarlem
994,http://www.gemeentegeschiedenis.nl/gemeentenaam/Haarlem
995,http://www.gemeentegeschiedenis.nl/gemeentenaam/Haarlem
996,http://www.gemeentegeschiedenis.nl/gemeentenaam/Haarlem
997,http://www.gemeentegeschiedenis.nl/gemeentenaam/Haarlem
998,http://www.gemeentegeschiedenis.nl/gemeentenaam/Haarlem
999,http://www.gemeentegeschiedenis.nl/gemeentenaam/Haarlem
1000,http://www.gemeentegeschiedenis.nl/gemeentenaam/Haarlem
1001,http://www.gemeentegeschiedenis.nl/gemeentenaam/Haarlem
1002,http://www.gemeentegeschiedenis.nl/gemeentenaam/Haarlem
1003,http://www.gemeentegeschiedenis.nl/gemeentenaam/Deventer
1004,http://www.gemeentegeschiedenis.nl/gemeentenaam/Haarlem
1005,http://www.gemeentegeschiedenis.nl/gemeentenaam/Haarlem
1006,http://www.gemeentegeschiedenis.nl/gemeentenaam/Amsterdam
1007,http://www.gemeentegeschiedenis.nl/gemeentenaam/Hengelo_Ov
1008,http://www.gemeentegeschiedenis.nl/gemeentenaam/Schoten
1009,http://www.gemeentegeschiedenis.nl/gemeentenaam/Leeuwarden
1010,http://www.gemeentegeschiedenis.nl/gemeentenaam/Haarlem
1011,http://www.gemeentegeschiedenis.nl/gemeentenaam/Groningen
1012,http://www.gemeentegeschiedenis.nl/gemeentenaam/Heemstede
1013,http://www.gemeentegeschiedenis.nl/gemeentenaam/Andijk
1014,http://www.gemeentegeschiedenis.nl/gemeentenaam/Haarlem
1015,http://www.gemeentegeschiedenis.nl/gemeentenaam/Haarlem
1016,http://www.gemeentegeschiedenis.nl/gemeentenaam/Heemstede
1017,http://www.gemeentegeschiedenis.nl/gemeentenaam/Haarlem
1018,http://www.gemeentegeschiedenis.nl/gemeentenaam/Oudorp
1019,http://www.gemeentegeschiedenis.nl/gemeentenaam/Leiden
1020,http://www.gemeentegeschiedenis.nl/gemeentenaam/Haarlem
1021,http://www.gemeentegeschiedenis.nl/gemeentenaam/Gouda
1022,http://www.gemeentegeschiedenis.nl/gemeentenaam/Haarlem
1023,http://www.gemeentegeschiedenis.nl/gemeentenaam/Haarlem
1024,http://www.gemeentegeschiedenis.nl/gemeentenaam/Haarlem
1025,http://www.gemeentegeschiedenis.nl/gemeentenaam/Haarlem
1026,http://www.gemeentegeschiedenis.nl/gemeentenaam/Haarlem
1027,http://www.gemeentegeschiedenis.nl/gemeentenaam/Haarlem
1028,http://www.gemeentegeschiedenis.nl/gemeentenaam/Haarlem
1029,http://www.gemeentegeschiedenis.nl/gemeentenaam/Enkhuizen
1030,http://www.gemeentegeschiedenis.nl/gemeentenaam/Amsterdam
1031,http://www.gemeentegeschiedenis.nl/gemeentenaam/Haarlem
1032,http://www.gemeentegeschiedenis.nl/gemeentenaam/Haarlem
1033,http://www.gemeentegeschiedenis.nl/gemeentenaam/Amsterdam
1034,http://www.gemeentegeschiedenis.nl/gemeentenaam/Rotterdam
1035,http://www.gemeentegeschiedenis.nl/gemeentenaam/Haarlem
1036,http://www.gemeentegeschiedenis.nl/gemeentenaam/Haarlem
1037,http://www.gemeentegeschiedenis.nl/gemeentenaam/Haarlem
1038,http://www.gemeentegeschiedenis.nl/gemeentenaam/Beverwijk
1039,http://www.gemeentegeschiedenis.nl/gemeentenaam/Haarlem
1040,http://www.gemeentegeschiedenis.nl/gemeentenaam/Amersfoort
1041,http://www.gemeentegeschiedenis.nl/gemeentenaam/Haarlem
1042,http://www.gemeentegeschiedenis.nl/gemeentenaam/Haarlem
1043,http://www.gemeentegeschiedenis.nl/gemeentenaam/Haarlem
1044,http://www.gemeentegeschiedenis.nl/gemeentenaam/Haarlem
1045,http://www.gemeentegeschiedenis.nl/gemeentenaam/Haarlemmermeer
1046,http://www.gemeentegeschiedenis.nl/gemeentenaam/Rheden
1047,http://www.gemeentegeschiedenis.nl/gemeentenaam/Amsterdam
1048,http://www.gemeentegeschiedenis.nl/gemeentenaam/Haarlem
1049,http://www.gemeentegeschiedenis.nl/gemeentenaam/s-Gravenhage
1050,http://www.gemeentegeschiedenis.nl/gemeentenaam/Haarlem
1051,http://www.gemeentegeschiedenis.nl/gemeentenaam/Haarlemmermeer
1052,http://www.gemeentegeschiedenis.nl/gemeentenaam/Haarlem
1053,http://www.gemeentegeschiedenis.nl/gemeentenaam/Haarlem
1054,http://www.gemeentegeschiedenis.nl/gemeentenaam/Spaarndam
1055,http://www.gemeentegeschiedenis.nl/gemeentenaam/Haarlem
1056,http://www.gemeentegeschiedenis.nl/gemeentenaam/Venlo
1057,http://www.gemeentegeschiedenis.nl/gemeentenaam/Haarlem
1058,http://www.gemeentegeschiedenis.nl/gemeentenaam/Haarlem
1059,http://www.gemeentegeschiedenis.nl/gemeentenaam/Schagen
1060,http://www.gemeentegeschiedenis.nl/gemeentenaam/Haarlem
1061,http://www.gemeentegeschiedenis.nl/gemeentenaam/Haarlem
1062,http://www.gemeentegeschiedenis.nl/gemeentenaam/Haarlem
1063,http://www.gemeentegeschiedenis.nl/gemeentenaam/Leeuwarden
1064,http://www.gemeentegeschiedenis.nl/gemeentenaam/Haarlem
1065,http://www.gemeentegeschiedenis.nl/gemeentenaam/Leiden
1067,http://www.gemeentegeschiedenis.nl/gemeentenaam/Haarlem
1068,http://www.gemeentegeschiedenis.nl/gemeentenaam/Hillegom
1069,http://www.gemeentegeschiedenis.nl/gemeentenaam/Leiden
1070,http://www.gemeentegeschiedenis.nl/gemeentenaam/Haarlem
1071,http://www.gemeentegeschiedenis.nl/gemeentenaam/Haarlem
1072,http://www.gemeentegeschiedenis.nl/gemeentenaam/Haarlem
1073,http://www.gemeentegeschiedenis.nl/gemeentenaam/Haarlem
1074,http://www.gemeentegeschiedenis.nl/gemeentenaam/Wijdenes
1075,http://www.gemeentegeschiedenis.nl/gemeentenaam/Hattem
1076,http://www.gemeentegeschiedenis.nl/gemeentenaam/Arnhem
1077,http://www.gemeentegeschiedenis.nl/gemeentenaam/Amsterdam
1078,http://www.gemeentegeschiedenis.nl/gemeentenaam/Amsterdam
1080,http://www.gemeentegeschiedenis.nl/gemeentenaam/Haarlem
1081,http://www.gemeentegeschiedenis.nl/gemeentenaam/Haarlem
1082,http://www.gemeentegeschiedenis.nl/gemeentenaam/Amsterdam
1083,http://www.gemeentegeschiedenis.nl/gemeentenaam/Haarlem
1084,http://www.gemeentegeschiedenis.nl/gemeentenaam/Haarlem
1085,http://www.gemeentegeschiedenis.nl/gemeentenaam/Haarlem
1086,http://www.gemeentegeschiedenis.nl/gemeentenaam/Haarlem
1087,http://www.gemeentegeschiedenis.nl/gemeentenaam/Haarlem
1088,http://www.gemeentegeschiedenis.nl/gemeentenaam/Beverwijk
1089,http://www.gemeentegeschiedenis.nl/gemeentenaam/Weesperkarspel
1090,http://www.gemeentegeschiedenis.nl/gemeentenaam/Amsterdam
1091,http://www.gemeentegeschiedenis.nl/gemeentenaam/Haarlem
1092,http://www.gemeentegeschiedenis.nl/gemeentenaam/Haarlem
1093,http://www.gemeentegeschiedenis.nl/gemeentenaam/Haarlem
1094,http://www.gemeentegeschiedenis.nl/gemeentenaam/Haarlem
1095,http://www.gemeentegeschiedenis.nl/gemeentenaam/Haarlem
1096,http://www.gemeentegeschiedenis.nl/gemeentenaam/Haarlem
1097,http://www.gemeentegeschiedenis.nl/gemeentenaam/Haarlem
1098,http://www.gemeentegeschiedenis.nl/gemeentenaam/Wassenaar
1099,http://www.gemeentegeschiedenis.nl/gemeentenaam/s-Gravenhage
1100,http://www.gemeentegeschiedenis.nl/gemeentenaam/Haarlem
1101,http://www.gemeentegeschiedenis.nl/gemeentenaam/Haarlemmermeer
1102,http://www.gemeentegeschiedenis.nl/gemeentenaam/Haarlem
1103,http://www.gemeentegeschiedenis.nl/gemeentenaam/Haarlem
1104,http://www.gemeentegeschiedenis.nl/gemeentenaam/Zwolle
1105,http://www.gemeentegeschiedenis.nl/gemeentenaam/Haarlemmerliede_en_Spaarnwoude
1106,http://www.gemeentegeschiedenis.nl/gemeentenaam/s-Hertogenbosch
1107,http://www.gemeentegeschiedenis.nl/gemeentenaam/Haarlem
1108,http://www.gemeentegeschiedenis.nl/gemeentenaam/Haarlem
1109,http://www.gemeentegeschiedenis.nl/gemeentenaam/Haarlem
1110,http://www.gemeentegeschiedenis.nl/gemeentenaam/Hendrik-Ido-Ambacht
1111,http://www.gemeentegeschiedenis.nl/gemeentenaam/Zaandam
1112,http://www.gemeentegeschiedenis.nl/gemeentenaam/Beverwijk
1113,http://www.gemeentegeschiedenis.nl/gemeentenaam/Leeuwarden
1114,http://www.gemeentegeschiedenis.nl/gemeentenaam/Haarlem
1115,http://www.gemeentegeschiedenis.nl/gemeentenaam/Haarlem
1116,http://www.gemeentegeschiedenis.nl/gemeentenaam/Haarlem
1117,http://www.gemeentegeschiedenis.nl/gemeentenaam/Haarlemmermeer
1118,http://www.gemeentegeschiedenis.nl/gemeentenaam/Barsingerhorn
1119,http://www.gemeentegeschiedenis.nl/gemeentenaam/Nijmegen
1120,http://www.gemeentegeschiedenis.nl/gemeentenaam/Haarlem
1121,http://www.gemeentegeschiedenis.nl/gemeentenaam/Haarlem
1122,http://www.gemeentegeschiedenis.nl/gemeentenaam/Oudshoorn
1123,http://www.gemeentegeschiedenis.nl/gemeentenaam/Haarlem
1124,http://www.gemeentegeschiedenis.nl/gemeentenaam/Zwolle
1125,http://www.gemeentegeschiedenis.nl/gemeentenaam/Schoonhoven
1127,http://www.gemeentegeschiedenis.nl/gemeentenaam/Spaarndam
1128,http://www.gemeentegeschiedenis.nl/gemeentenaam/Renkum
1129,http://www.gemeentegeschiedenis.nl/gemeentenaam/Haarlem
1130,http://www.gemeentegeschiedenis.nl/gemeentenaam/Winkel
1131,http://www.gemeentegeschiedenis.nl/gemeentenaam/Utrecht
1132,http://www.gemeentegeschiedenis.nl/gemeentenaam/Haarlem
1133,http://www.gemeentegeschiedenis.nl/gemeentenaam/Haarlem
1134,http://www.gemeentegeschiedenis.nl/gemeentenaam/Sint_Maarten
1135,http://www.gemeentegeschiedenis.nl/gemeentenaam/Ede
1136,http://www.gemeentegeschiedenis.nl/gemeentenaam/Beverwijk
1137,http://www.gemeentegeschiedenis.nl/gemeentenaam/Haarlem
1138,http://www.gemeentegeschiedenis.nl/gemeentenaam/Hattem
1139,http://www.gemeentegeschiedenis.nl/gemeentenaam/Haarlem
1140,http://www.gemeentegeschiedenis.nl/gemeentenaam/Lisse
1142,http://www.gemeentegeschiedenis.nl/gemeentenaam/Haarlem
1143,http://www.gemeentegeschiedenis.nl/gemeentenaam/Koedijk
1144,http://www.gemeentegeschiedenis.nl/gemeentenaam/Haarlemmerliede_en_Spaarnwoude
1145,http://www.gemeentegeschiedenis.nl/gemeentenaam/Heemstede
1146,http://www.gemeentegeschiedenis.nl/gemeentenaam/Winkel
1147,http://www.gemeentegeschiedenis.nl/gemeentenaam/Spaarndam
1148,http://www.gemeentegeschiedenis.nl/gemeentenaam/Amsterdam
1149,http://www.gemeentegeschiedenis.nl/gemeentenaam/Haarlem
1150,http://www.gemeentegeschiedenis.nl/gemeentenaam/Haarlem
1151,http://www.gemeentegeschiedenis.nl/gemeentenaam/Hillegom
1152,http://www.gemeentegeschiedenis.nl/gemeentenaam/Haarlem
1153,http://www.gemeentegeschiedenis.nl/gemeentenaam/Kampen
1154,http://www.gemeentegeschiedenis.nl/gemeentenaam/Haarlem
1155,http://www.gemeentegeschiedenis.nl/gemeentenaam/Haarlemmermeer
1156,http://www.gemeentegeschiedenis.nl/gemeentenaam/Haarlem
1157,http://www.gemeentegeschiedenis.nl/gemeentenaam/Haarlem
1158,http://www.gemeentegeschiedenis.nl/gemeentenaam/Heemstede
1159,http://www.gemeentegeschiedenis.nl/gemeentenaam/Ooltgensplaat
1160,http://www.gemeentegeschiedenis.nl/gemeentenaam/Haarlem
1161,http://www.gemeentegeschiedenis.nl/gemeentenaam/Haarlem
1162,http://www.gemeentegeschiedenis.nl/gemeentenaam/Haarlem
1163,http://www.gemeentegeschiedenis.nl/gemeentenaam/Haarlem
2001,http://www.gemeentegeschiedenis.nl/gemeentenaam/Amsterdam
2002,http://www.gemeentegeschiedenis.nl/gemeentenaam/IJsselmonde
2003,http://www.gemeentegeschiedenis.nl/gemeentenaam/Amsterdam
2004,http://www.gemeentegeschiedenis.nl/gemeentenaam/Haarlem
2005,http://www.gemeentegeschiedenis.nl/gemeentenaam/Amsterdam
2006,http://www.gemeentegeschiedenis.nl/gemeentenaam/Broek_in_Waterland
2007,http://www.gemeentegeschiedenis.nl/gemeentenaam/Hengelo_Ov
2008,http://www.gemeentegeschiedenis.nl/gemeentenaam/Haarlem
2010,http://www.gemeentegeschiedenis.nl/gemeentenaam/Rhenen
2012,http://www.gemeentegeschiedenis.nl/gemeentenaam/Leiden
2013,http://www.gemeentegeschiedenis.nl/gemeentenaam/Haarlem
2014,http://www.gemeentegeschiedenis.nl/gemeentenaam/Haarlem
2015,http://www.gemeentegeschiedenis.nl/gemeentenaam/Dordrecht
2016,http://www.gemeentegeschiedenis.nl/gemeentenaam/Amsterdam
2017,http://www.gemeentegeschiedenis.nl/gemeentenaam/Harlingen
2018,http://www.gemeentegeschiedenis.nl/gemeentenaam/Amsterdam
2019,http://www.gemeentegeschiedenis.nl/gemeentenaam/Beverwijk
2021,http://www.gemeentegeschiedenis.nl/gemeentenaam/Haarlem
2023,http://www.gemeentegeschiedenis.nl/gemeentenaam/Haarlem
2024,http://www.gemeentegeschiedenis.nl/gemeentenaam/Nieuw-Lekkerland
2025,http://www.gemeentegeschiedenis.nl/gemeentenaam/Sneek
2026,http://www.gemeentegeschiedenis.nl/gemeentenaam/Haarlem
2027,http://www.gemeentegeschiedenis.nl/gemeentenaam/Haarlem
2028,http://www.gemeentegeschiedenis.nl/gemeentenaam/Den_Helder
2029,http://www.gemeentegeschiedenis.nl/gemeentenaam/Haarlem
2030,http://www.gemeentegeschiedenis.nl/gemeentenaam/Heusden
2031,http://www.gemeentegeschiedenis.nl/gemeentenaam/Borne
2033,http://www.gemeentegeschiedenis.nl/gemeentenaam/Amsterdam
2034,http://www.gemeentegeschiedenis.nl/gemeentenaam/Amsterdam
2036,http://www.gemeentegeschiedenis.nl/gemeentenaam/Haarlem
2038,http://www.gemeentegeschiedenis.nl/gemeentenaam/Amsterdam
2039,http://www.gemeentegeschiedenis.nl/gemeentenaam/Hof_van_Delft
2040,http://www.gemeentegeschiedenis.nl/gemeentenaam/Helmond
2041,http://www.gemeentegeschiedenis.nl/gemeentenaam/Tilburg
2044,http://www.gemeentegeschiedenis.nl/gemeentenaam/Haarlem
2045,http://www.gemeentegeschiedenis.nl/gemeentenaam/Haarlem
2046,http://www.gemeentegeschiedenis.nl/gemeentenaam/Haarlem
2047,http://www.gemeentegeschiedenis.nl/gemeentenaam/Amsterdam
2053,http://www.gemeentegeschiedenis.nl/gemeentenaam/Amsterdam
2054,http://www.gemeentegeschiedenis.nl/gemeentenaam/Hardinxveld
2055,http://www.gemeentegeschiedenis.nl/gemeentenaam/Amsterdam
2056,http://www.gemeentegeschiedenis.nl/gemeentenaam/Haarlem
2057,http://www.gemeentegeschiedenis.nl/gemeentenaam/Haarlem
2058,http://www.gemeentegeschiedenis.nl/gemeentenaam/Amsterdam
2059,http://www.gemeentegeschiedenis.nl/gemeentenaam/Haarlem
2060,http://www.gemeentegeschiedenis.nl/gemeentenaam/Haarlem
2061,http://www.gemeentegeschiedenis.nl/gemeentenaam/Amsterdam
2062,http://www.gemeentegeschiedenis.nl/gemeentenaam/Oud-_en_Nieuw-Gastel
2064,http://www.gemeentegeschiedenis.nl/gemeentenaam/Haarlem
2065,http://www.gemeentegeschiedenis.nl/gemeentenaam/Losser
3001,http://www.gemeentegeschiedenis.nl/gemeentenaam/Den_Helder
3002,Duitsland
3003,http://www.gemeentegeschiedenis.nl/gemeentenaam/Dordrecht
3004,http://www.gemeentegeschiedenis.nl/gemeentenaam/Kedichem
3005,http://www.gemeentegeschiedenis.nl/gemeentenaam/Middelburg_Ze
3006,http://www.gemeentegeschiedenis.nl/gemeentenaam/Zijpe
3007,http://www.gemeentegeschiedenis.nl/gemeentenaam/Haarlem
3008,http://www.gemeentegeschiedenis.nl/gemeentenaam/Haarlem
3009,http://www.gemeentegeschiedenis.nl/gemeentenaam/Haarlem
3010,http://www.gemeentegeschiedenis.nl/gemeentenaam/Amsterdam
3011,http://www.gemeentegeschiedenis.nl/gemeentenaam/Haarlem
3012,http://www.gemeentegeschiedenis.nl/gemeentenaam/Haarlemmermeer
3014,http://www.gemeentegeschiedenis.nl/gemeentenaam/Amsterdam
3015,http://www.gemeentegeschiedenis.nl/gemeentenaam/Haarlem
3016,http://www.gemeentegeschiedenis.nl/gemeentenaam/Haarlem
3017,http://www.gemeentegeschiedenis.nl/gemeentenaam/Haarlem
3019,http://www.gemeentegeschiedenis.nl/gemeentenaam/Rotterdam
3020,http://www.gemeentegeschiedenis.nl/gemeentenaam/Haarlem
3021,http://www.gemeentegeschiedenis.nl/gemeentenaam/Haarlem
3022,http://www.gemeentegeschiedenis.nl/gemeentenaam/Haarlem
3023,http://www.gemeentegeschiedenis.nl/gemeentenaam/Haarlem
3024,http://www.gemeentegeschiedenis.nl/gemeentenaam/Haarlem
3025,http://www.gemeentegeschiedenis.nl/gemeentenaam/Haarlem
3026,http://www.gemeentegeschiedenis.nl/gemeentenaam/Haarlem
3027,http://www.gemeentegeschiedenis.nl/gemeentenaam/Woerden
3028,http://www.gemeentegeschiedenis.nl/gemeentenaam/Haarlem
3029,http://www.gemeentegeschiedenis.nl/gemeentenaam/Poederoijen
3030,http://www.gemeentegeschiedenis.nl/gemeentenaam/Amsterdam
3031,http://www.gemeentegeschiedenis.nl/gemeentenaam/Den_Helder
3032,http://www.gemeentegeschiedenis.nl/gemeentenaam/Haarlem
3033,http://www.gemeentegeschiedenis.nl/gemeentenaam/Haarlem
3034,http://www.gemeentegeschiedenis.nl/gemeentenaam/Leiden
3035,http://www.gemeentegeschiedenis.nl/gemeentenaam/Hattem
3036,http://www.gemeentegeschiedenis.nl/gemeentenaam/Purmerend
3037,http://www.gemeentegeschiedenis.nl/gemeentenaam/Haarlem
3038,http://www.gemeentegeschiedenis.nl/gemeentenaam/Nibbixwoud
3039,http://www.gemeentegeschiedenis.nl/gemeentenaam/Franekeradeel
3040,http://www.gemeentegeschiedenis.nl/gemeentenaam/Wijdenes
3041,http://www.gemeentegeschiedenis.nl/gemeentenaam/Velsen
3042,http://www.gemeentegeschiedenis.nl/gemeentenaam/Groningen
3043,http://www.gemeentegeschiedenis.nl/gemeentenaam/Haarlem
3044,http://www.gemeentegeschiedenis.nl/gemeentenaam/Haarlem
3045,http://www.gemeentegeschiedenis.nl/gemeentenaam/Haarlem
3046,http://www.gemeentegeschiedenis.nl/gemeentenaam/Haarlem
3047,http://www.gemeentegeschiedenis.nl/gemeentenaam/Haarlem
3048,http://www.gemeentegeschiedenis.nl/gemeentenaam/Amsterdam
3050,http://www.gemeentegeschiedenis.nl/gemeentenaam/Haarlem
3051,http://www.gemeentegeschiedenis.nl/gemeentenaam/Cromvoirt
3052,http://www.gemeentegeschiedenis.nl/gemeentenaam/Utrecht
3053,http://www.gemeentegeschiedenis.nl/gemeentenaam/Amsterdam
3054,http://www.gemeentegeschiedenis.nl/gemeentenaam/Haarlem
3055,http://www.gemeentegeschiedenis.nl/gemeentenaam/Kampen
3056,http://www.gemeentegeschiedenis.nl/gemeentenaam/Amsterdam
3057,http://www.gemeentegeschiedenis.nl/gemeentenaam/Amersfoort
3058,http://www.gemeentegeschiedenis.nl/gemeentenaam/Haarlem
3059,http://www.gemeentegeschiedenis.nl/gemeentenaam/Leiden
3060,http://www.gemeentegeschiedenis.nl/gemeentenaam/Hengelo_Ov
3061,http://www.gemeentegeschiedenis.nl/gemeentenaam/Amsterdam
3062,http://www.gemeentegeschiedenis.nl/gemeentenaam/s-Gravenhage
3063,http://www.gemeentegeschiedenis.nl/gemeentenaam/Amsterdam
3064,http://www.gemeentegeschiedenis.nl/gemeentenaam/Arnhem
3066,http://www.gemeentegeschiedenis.nl/gemeentenaam/Overschie
3067,http://www.gemeentegeschiedenis.nl/gemeentenaam/Amsterdam
3068,http://www.gemeentegeschiedenis.nl/gemeentenaam/Haarlem
3069,http://www.gemeentegeschiedenis.nl/gemeentenaam/Haarlem
3070,http://www.gemeentegeschiedenis.nl/gemeentenaam/Haarlem
3071,http://www.gemeentegeschiedenis.nl/gemeentenaam/Haarlem
3072,http://www.gemeentegeschiedenis.nl/gemeentenaam/Koog_aan_de_Zaan
3073,http://www.gemeentegeschiedenis.nl/gemeentenaam/Haarlem
3075,http://www.gemeentegeschiedenis.nl/gemeentenaam/Haarlem
3076,http://www.gemeentegeschiedenis.nl/gemeentenaam/Medemblik
3077,http://www.gemeentegeschiedenis.nl/gemeentenaam/Haarlem
3078,http://www.gemeentegeschiedenis.nl/gemeentenaam/Amsterdam
